homeinsurance,hotelsaccommodations,energyutilities,homeimprovement,haircare,homefurnishings,automotiveindustry,health,footwear,groceryfoodretailers,undergarments,tobaccoproducts,nonalcoholicbeverages,entertainmentindustry,computerselectronics,socialservices,mobilewireless,bookretailers,ticketsales,vehicleshopping,electricity,facebodycare,computervideogames,autoinsurance,homegarden,retirementpension,oilgas,apparel,internettelecom,vehiclebrands,homefinancing,homeappliances,womensclothing,childrensclothing,homemakinginteriordecor,realestate,fooddrink,newspapers,movies,beautyfitness,mensclothing,wastemanagement,realestateagencies,healthinsurance,drugsmedications,chemicalsindustry,medicalfacilitiesservices,restaurants,income,michigan_index,tbill,cci,smp500,consumption,date
-.056818184,-.011235955,-.05952381,-.033333335,-.016393442,-.020408163,-.3392857,-.021739131,0,.034482758,-.067415729,-.06666667,-.013333334,-.14457831,-.1627907,-.07526882,.058139537,-.11111111,.026666667,-.0625,-.14102565,-.014285714,-.19753087,-.093023255,-.011111111,-.020408163,-.071428575,0,0,-.14117648,-.13253012,-.032967035,.04109589,.064516127,-.031914894,.010638298,-.044776119,-.10714286,-.076086953,-.07526882,.051948052,-.047619049,-.05952381,-.043478262,-.020833334,-.12195122,-.020618556,.016393442,.029597217,-.086910993,.62231755,-.0032080456,.042445842,3.39059,01jan2005
-.03409091,-.065934069,-.10588235,-.011627907,-.050000001,-.032967035,-.31746033,-.021052632,.032258064,.03508772,-.11764706,-.08139535,.051282052,0,-.14285715,-.076086953,.012345679,-.19444445,-.10810811,-.087499999,-.16867469,-.090909094,-.2027027,-.085365854,-.084337346,.02,-.081081077,.012345679,-.043010753,-.080459774,-.057471264,-.036144577,.051282052,.048387095,0,0,0,-.13414635,-.055555556,-.07692308,.039473683,-.0625,-.125,-.022222223,-.020408163,-.11627907,-.03125,.015151516,.029232224,-.0031881405,.63385826,-.0036235873,.048737206,3.6485701,01feb2005
-.10714286,-.10344828,.051546391,-.045454547,-.06779661,-.05952381,-.075757578,-.043478262,.045454547,.037037037,-.084337346,-.11904762,0,-.234375,-.125,-.068965517,.012820513,-.13636364,-.10126583,-.060240965,-.11538462,-.030303031,-.14473684,-.047619049,-.095238097,.040816326,.012658228,-.012820513,0,-.10227273,-.1627907,-.064102568,.024390243,.015873017,-.083333336,-.010638298,.071428575,-.15189873,-.03409091,-.054945055,0,-.12048193,-.12345679,-.05952381,-.043478262,-.11904762,.020618556,.049180329,.028944237,-.03455729,.65693432,-.0042351861,.046061713,3.2859099,01mar2005
-.11494253,-.10843374,-.11235955,-.11904762,-.05882353,-.12345679,-.15151516,-.086956523,.030769231,-.096153848,-.14864865,-.17647059,.013157895,-.21428572,-.22222222,-.11627907,-.039999999,-.23809524,.020833334,-.1,-.21518987,-.09375,-.15277778,-.1392405,-.10227273,-.12941177,-.051282052,-.053333335,-.080459774,-.14942528,-.16867469,-.12,.011764706,-.03846154,-.10144927,-.053763442,-.080645159,-.17721519,-.069767445,-.08791209,-.051282052,-.0989011,-.2345679,-.11392405,-.053763442,-.17647059,-.07526882,.031746034,.028468428,-.074116305,.66187048,-.0044133291,.042831827,3.9547,01apr2005
-.011363637,-.068965517,-.068965517,-.056179777,-.0625,-.07692308,-.030303031,-.045454547,.016949153,.017857144,-.0125,-.16666667,.039999999,-.15789473,-.17567568,-.074074075,.037974682,-.11764706,0,-.15189873,-.07692308,-.046153847,-.078947365,-.05952381,-.065217391,-.02631579,-.093333334,-.04109589,-.011494253,-.069767445,-.048192769,-.093333334,.0125,.020833334,-.043478262,0,-.047619049,-.14102565,.07,-.033333335,-.025316456,-.034482758,-.11111111,-.037500001,-.045454547,-.097560972,-.010869565,.048387095,.027485304,-.037974626,.64084506,-.0029760927,.059437599,3.2694099,01may2005
-.032967035,-.13793103,-.072289154,.010416667,-.016666668,-.11688311,-.064516127,-.035714287,.03508772,.053571429,-.077922076,-.1780822,.039999999,-.12962963,-.21917808,-.10126583,-.024390243,-.12676056,-.042105265,-.037037037,-.10666667,-.079365082,-.10810811,-.15294118,-.093023255,.025974026,-.08219178,-.057971016,-.056818184,-.045977011,.011111111,-.065789476,.081081077,0,-.13846155,-.031914894,-.032786883,-.11392405,-.047619049,-.06818182,-.05479452,-.023809524,-.16049382,-.083333336,-.071428575,-.14102565,-.053763442,.064516127,.029012553,.0041666874,.57239056,-.0018726387,.042381205,4.68292,01jun2005
0,-.086956523,0,-.052631579,-.050000001,-.14117648,-.017857144,-.097560972,.016666668,.068965517,-.088607594,-.15584415,.039999999,-.16129032,-.21621622,-.087499999,-.023529412,-.012658228,-.041666668,-.022727273,-.037974682,-.078125,-.061728396,-.068965517,-.0989011,0,.03846154,-.027027028,-.053763442,-.065934069,.022222223,-.074074075,.038961038,-.036363635,-.1369863,0,-.015625,-.11111111,-.021978023,-.032967035,-.057142857,-.072289154,-.10465116,-.023255814,-.094117649,-.1025641,-.043478262,.046875,.026543543,-.0020725077,.5869565,-.0038778989,.1073264,4.6733999,01jul2005
-.021276595,-.054347824,.083333336,-.020833334,0,-.088888891,.049180329,-.046511628,.057971016,.016949153,-.078947365,-.1,.053333335,-.11864407,-.20253165,-.084337346,.022222223,-.13414635,.022222223,.1,-.06329114,-.030769231,-.12820514,-.052631579,-.043478262,-.012345679,.13043478,.036585364,.0099999998,-.021505376,.032608695,-.05952381,.0625,.14925373,-.065789476,-.030927835,.029850746,-.07692308,0,.010989011,.053333335,-.011904762,-.08139535,0,-.089887641,-.1,-.010526316,.090909094,.024223818,-.076318793,.56976748,-.0094752572,.095130004,3.9149799,01aug2005
.083333336,-.12,.13,-.070588239,0,-.10126583,.01754386,-.046511628,-.016949153,.052631579,-.01369863,-.037974682,.056338027,-.032258064,-.17567568,.021505376,.036585364,-.125,-.0125,.091954023,-.060975611,-.049180329,-.17910448,-.047058824,-.075000003,-.055555556,.25,-.012987013,-.021978023,-.047058824,-.039473683,-.078947365,.013333334,.03125,-.028169014,-.036585364,-.016393442,-.0989011,-.025,-.036585364,-.056338027,-.0625,-.22222222,-.084337346,-.095238097,-.060240965,-.065934069,.06666667,.019936526,-.22496742,.51754385,-.015486127,.092959933,2.90731,01sep2005
.17021276,-.05479452,.065217391,0,0,-.048192769,.10294118,-.03409091,.030303031,.017857144,-.13157895,-.14814815,.079999998,-.074074075,-.19444445,-.045454547,.025,-.078125,-.043956045,-.070422538,.085365854,-.031746034,-.13333334,-.094594598,-.012195121,.013333334,.071428575,-.010869565,-.022727273,-.064935066,.013333334,-.051282052,.025974026,.064935066,-.013888889,.049382716,.044776119,-.11494253,-.046511628,-.023809524,0,.0125,-.086956523,0,-.094117649,-.072289154,.010752688,.095238097,.026259867,-.23584907,.52560645,-.016952436,.063636586,3.00475,01oct2005
.17647059,-.07692308,.047619049,-.023809524,0,-.083333336,.125,-.035714287,.014705882,.081967212,-.037500001,-.15789473,.051282052,-.054545455,-.15068494,-.048780486,.025316456,-.060606062,.10810811,-.05882353,.026666667,-.047619049,-.13253012,-.085714288,0,-.013333334,.053333335,.012195121,0,-.08219178,0,-.047058824,.03846154,.10294118,-.054054055,.02739726,0,-.12987013,-.069767445,-.012195121,-.025641026,-.02631579,-.095238097,.14736842,-.096385539,-.079999998,.022727273,.1,.036366951,-.13725497,.46649489,-.013698732,.060553271,3.1904099,01nov2005
.11235955,-.0625,-.012820513,-.037037037,0,-.085365854,.084745765,-.089743592,.050632913,.064516127,-.01010101,-.28,.012048192,-.087719299,-.15189873,-.092105262,-.033707865,-.11363637,-.011764706,-.10447761,-.16176471,-.040540539,-.11111111,-.09589041,-.060975611,-.047619049,-.014492754,-.030927835,-.0989011,-.053333335,-.061538462,-.063829787,0,.044117648,-.039473683,-.028985508,.025316456,-.06849315,.072916664,-.068965517,.02,-.05479452,-.13559322,.08139535,-.1875,-.16176471,-.098765433,.045454547,.0088136494,-.061202165,.43701798,-.0092822937,.029135859,2.8568299,01dec2005
.011235955,-.12658228,.011764706,-.05882353,-.10909091,-.11363637,.25333333,-.082352944,-.050000001,-.035714287,-.14102565,-.26760563,.03846154,-.077922076,-.21126761,-.094117649,-.061728396,-.15384616,-.056338027,-.081081077,.048780486,-.14754099,-.10958904,-.088607594,-.11111111,0,.04109589,-.081081077,-.043010753,-.0625,-.037500001,-.1375,-.013888889,-.050847456,.059999999,-.044444446,0,-.037037037,-.022222223,-.021978023,-.084507041,-.024390243,-.13513513,.079999998,-.14285715,-.078947365,-.054347824,.075757578,.046436559,-.047149159,.4504717,-.0065608714,.077190489,3.65713,01jan2006
-.023255814,-.16666667,.011627907,-.088607594,-.071428575,-.096385539,.030769231,-.10465116,-.033333335,0,-.089743592,-.13157895,-.02631579,-.2820513,-.2,-.12195122,0,-.16129032,-.072463766,-.11111111,-.050632913,-.081967212,-.072463766,-.064935066,-.077922076,-.13636364,.038961038,-.065789476,-.033333335,-.087499999,-.11538462,-.1369863,-.012987013,.046153847,-.050000001,-.033333335,-.07692308,-.078947365,-.084337346,-.03409091,-.070422538,-.081081077,-.06666667,-.022727273,-.13953489,-.088607594,-.021276595,.029411765,.049833577,-.085351802,.42663655,-.0055137249,.0601721,3.5161099,01feb2006
.011764706,-.10126583,-.15476191,-.1,-.03508772,-.10526316,-.081967212,-.045454547,-.064516127,.018181818,-.12162162,-.16666667,.087499999,.14666666,-.26984128,-.074074075,-.039999999,-.15789473,-.039473683,-.12162162,-.012987013,-.081967212,-.10144927,-.090909094,-.06329114,-.088888891,-.08219178,-.054054055,-.071428575,-.1,-.088607594,-.11428571,-.012345679,0,-.074626863,-.021739131,-.12903225,-.012820513,-.060240965,-.045977011,.025974026,-.10666667,-.065789476,-.012048192,-.069767445,-.13513513,-.021052632,.046875,.049075335,-.041619752,.39246121,-.0045560906,.088255964,3.51266,01mar2006
.08421053,-.092105262,.043010753,-.024390243,-.1147541,-.079999998,-.11864407,-.069767445,-.031746034,.087719299,-.072463766,-.1971831,.050000001,0,-.10769231,-.075000003,0,-.125,-.054945055,.024390243,.024691358,-.015873017,-.05882353,-.039473683,-.060240965,.076086953,.071428575,.013157895,-.023529412,-.035714287,-.024691358,-.10294118,.03409091,.087719299,-.078125,-.010869565,.060606062,-.025974026,-.1025641,-.045977011,0,-.058139537,-.065789476,.05952381,-.12048193,-.11842106,-.021978023,.015625,.046149351,-.0034324371,.39565217,-.0051890071,.11731941,3.0290301,01apr2006
.022222223,-.14473684,.033333335,-.05952381,-.06666667,-.098591551,-.2,-.073170729,-.017241379,.01754386,-.17647059,-.13043478,.013157895,-.11764706,-.21311475,-.094594598,-.012820513,-.1724138,-.046511628,-.012820513,-.012987013,-.10169491,-.10144927,-.07692308,-.082352944,-.04109589,0,-.013888889,-.035714287,-.088607594,-.092105262,-.11940298,.012345679,.05882353,-.11290322,-.056179777,0,-.06849315,-.2820513,-.071428575,-.097222224,-.048192769,-.079999998,.047619049,-.086419754,-.15492958,-.069767445,0,.041169729,-.09860941,.39830509,-.0086607197,.061877504,3.29669,01may2006
.031914894,-.074074075,0,-.090909094,-.034482758,-.05479452,-.29166666,-.06329114,.017241379,.11111111,-.069444448,-.089552239,.050632913,-.05882353,-.140625,-.053333335,0,-.18333334,0,-.0125,.025974026,-.016129032,0,0,0,-.1,0,-.014705882,-.011494253,-.074074075,-.125,-.055555556,.06329114,.094339624,-.015625,-.021739131,.046875,-.012820513,-.037037037,-.047619049,-.028169014,-.050000001,-.051948052,-.024390243,-.050000001,-.13043478,-.010869565,.046153847,.04067684,-.13074203,.37995824,-.01134002,.062092584,2.43466,01jun2006
.090909094,-.057471264,.03409091,-.010638298,-.034482758,-.049382716,-.19148937,-.051282052,.016393442,.09375,-.097222224,-.14925373,.074074075,-.10714286,-.17460318,-.06666667,-.011904762,-.27419356,-.010526316,-.047619049,.11235955,-.049180329,-.079999998,-.011627907,-.045977011,-.097222224,-.054054055,0,-.033333335,-.045977011,-.097560972,-.025316456,.012820513,.083333336,-.057971016,-.020408163,.044776119,.012195121,-.03409091,-.058139537,.014084507,.023529412,-.061728396,-.036144577,-.0625,-.1641791,-.033707865,.05882353,.03875646,-.13931528,.34949493,-.010055342,.033274248,2.18818,01jul2006
.059999999,-.13580246,-.090909094,-.10344828,-.033898305,-.097560972,-.24489796,-.075000003,-.029850746,.048387095,-.085714288,-.1594203,.13793103,0,-.1969697,-.077922076,-.034482758,-.10810811,.032258064,-.17647059,.048192769,-.048387095,-.06849315,-.079545453,-.095238097,-.051948052,-.17948718,-.051282052,-.063829787,-.10714286,-.12195122,-.090909094,.012345679,.014705882,-.04109589,-.031914894,-.015151516,-.1097561,-.035714287,-.070588239,-.086956523,-.024390243,-.075000003,-.079545453,-.072289154,-.14285715,-.010638298,.029411765,.036865115,-.086585343,.30645159,-.0032394244,.064034842,2.23171,01aug2006
-.11627907,-.10294118,-.21951219,-.0625,-.075471699,-.053333335,0,-.1025641,.063492067,.017241379,-.10606061,-.11267605,.13414635,-.21568628,-.17460318,-.20779221,-.051282052,-.10769231,-.025641026,-.19178082,-.15492958,-.05172414,-.030769231,-.11842106,-.025641026,-.05882353,-.33333334,.025316456,-.058139537,-.14864865,-.055555556,-.070422538,.050632913,.11111111,.040540539,-.012345679,.075757578,-.15189873,-.06666667,-.051282052,-.028985508,-.012658228,-.043478262,-.050632913,-.037037037,-.15277778,-.02247191,.032258064,.046314139,.099531613,.28898126,.0069438461,.080128685,3.22877,01sep2006
-.044444446,-.10606061,-.16455697,-.11392405,-.07692308,-.12162162,-.41666666,-.086419754,-.015384615,.06666667,-.11764706,-.19117647,.0625,-.125,-.2,-.11392405,-.06666667,-.16363636,-.21333334,-.044117648,-.15492958,-.06779661,-.071428575,-.04225352,-.093333334,-.013513514,-.25373134,-.045454547,-.047619049,-.069444448,-.056338027,-.098591551,.025316456,-.040540539,-.125,-.079999998,-.030769231,-.087499999,-.088607594,-.10526316,-.086956523,-.052631579,-.061538462,-.071428575,-.0625,-.16901408,-.056818184,0,.044874836,.20726497,.24593498,.013313746,.12404743,3.3668001,01oct2006
.03409091,-.10169491,-.16666667,-.13513513,-.083333336,-.090909094,-.42222223,-.10526316,-.046153847,.016129032,-.12676056,-.16923077,.025,-.22222222,-.15873016,-.093333334,-.053333335,-.17857143,-.057142857,-.046153847,-.15384616,-.050000001,.045977011,-.044776119,-.15277778,-.071428575,-.22950819,-.051282052,-.073170729,-.10606061,-.078125,-.075949363,-.02631579,.014492754,-.12121212,-.10606061,-.028571429,-.026666667,-.1025641,-.10810811,-.06849315,-.04109589,-.086206898,-.1875,-.077922076,-.19047619,-.1,.016393442,.041517913,.11400652,.21457489,.011762443,.10791572,3.0485301,01nov2006
0,-.14285715,-.098591551,-.094594598,-.057692308,-.10810811,-.31111112,-.083333336,-.025974026,.015873017,-.1,-.02739726,.034883723,-.1875,-.16176471,-.070422538,-.085365854,-.073170729,-.11842106,-.063492067,.04225352,-.072463766,.021739131,-.057971016,-.078947365,-.050000001,-.16949153,-.054347824,-.02247191,-.071428575,0,-.056179777,0,-.096774191,-.10144927,-.029850746,0,-.042857144,-.14285715,-.011627907,-.07526882,.013513514,-.053571429,-.13157895,-.038961038,-.21428572,-.0125,.014925373,.041120909,.0021809924,.19793811,.0072424654,.11986886,3.2867501,01dec2006
0,-.16176471,-.089743592,-.089743592,-.057692308,-.12820514,-.59574467,-.1038961,-.016949153,.050847456,-.14705883,-.092307694,.048780486,-.084507041,-.16393442,-.089743592,0,-.14705883,-.092307694,-.057142857,-.037974682,-.05172414,0,-.025974026,-.094594598,-.10112359,-.140625,-.057142857,-.08139535,-.17647059,-.038961038,-.052631579,-.014084507,.048387095,-.31578946,-.046511628,-.030769231,-.051948052,-.125,-.096385539,-.059701491,-.025,-.10447761,-.14942528,-.037037037,-.22580644,-.033707865,-.03125,.032098744,.058823578,.14859442,.0050122952,.10996774,2.90452,01jan2007
.011494253,-.098591551,-.13157895,-.025974026,0,-.064102568,-.16071428,-.088607594,-.034482758,.017241379,-.14705883,-.16923077,.037974682,.093023255,-.14754099,-.078947365,-.125,-.12727273,.014285714,-.028571429,-.012820513,-.016666668,0,-.05479452,-.1,-.060240965,-.24193548,-.070422538,-.097560972,-.1594203,-.012987013,-.028169014,-.013157895,-.065573767,-.1594203,-.084337346,.029850746,0,-.077922076,-.073170729,-.109375,0,-.10294118,-.11392405,-.075000003,-.16176471,-.093023255,0,.032422882,.050383415,.11928437,.0033173414,.089677364,2.61747,01feb2007
-.049382716,-.14492753,-.10526316,-.14285715,-.055555556,-.085714288,-.29787233,-.14285715,-.033333335,-.018518519,-.072463766,-.18032786,-.038961038,-.63043481,-.10526316,-.125,-.071428575,-.14,.037974682,-.072463766,-.069444448,-.070175439,-.029850746,-.069444448,-.11267605,-.16883117,-.19672132,-.057142857,-.050000001,-.1594203,.0125,-.09375,-.0125,0,-.15517241,-.082352944,-.033333335,-.098591551,-.12162162,-.10126583,-.14925373,.03846154,-.13432837,-.077922076,-.11688311,-.17460318,-.11764706,-.032258064,.033757966,-.0056561083,.087044515,.0019496578,.088671647,2.47891,01mar2007
-.11764706,-.10144927,-.13414635,-.064935066,-.033898305,-.071428575,-.20408164,-.1025641,-.016129032,-.017857144,-.13114753,-.092307694,-.025641026,-.2173913,-.12068965,-.052631579,-.041666668,-.07692308,-.058139537,-.1388889,-.051948052,-.050000001,.028571429,-.055555556,-.077922076,-.057471264,-.3125,-.070422538,-.049382716,-.15068494,-.03846154,-.014925373,-.047619049,-.017857144,-.06666667,-.033707865,-.015384615,-.013157895,.012658228,-.060975611,-.06849315,.054945055,-.085714288,-.07692308,-.064102568,-.1875,-.045977011,0,.033657916,-.0034443629,.05544148,.0027157052,.11586851,2.43449,01apr2007
-.1392405,-.11764706,-.11111111,-.13513513,-.071428575,-.092307694,-.19565217,-.1388889,-.01754386,-.017857144,-.1724138,-.15000001,.025641026,-.18604651,-.1509434,-.072463766,-.11428571,-.13725491,-.075000003,-.054054055,-.05479452,-.053571429,0,-.11428571,-.14864865,-.15873016,-.13636364,-.090909094,-.07692308,-.12857144,-.085714288,-.046875,-.065789476,-.08510638,-.16981132,-.1125,-.032786883,-.057971016,-.054054055,-.06329114,-.074626863,.045977011,-.11940298,-.15068494,-.10958904,-.14516129,-.023809524,0,.033680487,.10419031,.0021142073,.0048958436,.17021208,2.3322301,01may2007
-.175,-.19117647,-.12162162,-.20547946,-.074074075,-.17741935,-.14285715,-.14492753,-.11538462,-.10526316,-.2,-.21818182,-.039473683,-.15909091,-.20754717,-.15384616,.012048192,-.090909094,-.15853658,-.1594203,-.14925373,-.087719299,-.057142857,-.18055555,-.19444445,-.07692308,-.21666667,-.096774191,-.048192769,-.15714286,-.09589041,-.10769231,-.097222224,-.17777778,-.20754717,-.15000001,-.049180329,-.11428571,-.079999998,-.090909094,-.092307694,0,-.13235295,-.12328767,-.17647059,-.16949153,-.15000001,-.048387095,.030265719,.0046893433,-.039045531,.004702298,.15508698,2.2492499,01jun2007
-.16470589,-.17567568,-.11392405,-.18987341,.016949153,-.14084508,-.23684211,-.083333336,-.089285716,-.06666667,-.2,-.063492067,-.03846154,-.24444444,-.14545454,-.056338027,.011764706,0,-.079545453,-.16666667,-.27142859,-.089285716,0,-.14666666,-.074074075,0,-.15625,-.12121212,-.05882353,-.12987013,-.064935066,-.14492753,-.083333336,-.13207547,-.13114753,-.11363637,-.015151516,-.1388889,-.047619049,-.061728396,-.16393442,.011627907,-.125,-.092105262,-.11111111,-.080645159,-.072289154,-.046153847,.031859368,.063053153,-.026970871,.0041207913,.12273324,1.99235,01jul2007
-.19047619,-.19117647,-.15789473,-.12987013,.048387095,-.12328767,-.32432431,-.09589041,-.098360658,-.033333335,-.20689656,-.15000001,-.14473684,-.34090909,-.17857143,-.1,-.10126583,-.12121212,-.044943821,-.21428572,-.16901408,-.068965517,0,-.17333333,-.15068494,-.11594203,-.23809524,-.13043478,-.093023255,-.15068494,.023809524,-.11594203,-.125,-.1147541,-.17741935,-.16049382,-.047619049,-.078947365,-.06329114,-.049382716,-.13114753,-.025,-.19402985,-.1,-.16901408,-.16666667,-.093023255,-.046153847,.032583088,.016786594,-.18095243,.00090232567,.11544861,2.7239201,01aug2007
-.21126761,-.1724138,-.17142858,-.17647059,0,-.171875,.017241379,-.11428571,-.16666667,-.01754386,-.22222222,-.20338982,-.10810811,.10526316,-.14545454,-.11594203,-.054054055,-.14035088,-.012987013,-.17741935,-.075757578,-.11538462,.071428575,-.20634921,-.18181819,0,-.31578946,-.12857144,-.075000003,-.12121212,-.05882353,-.14516129,-.11267605,-.074626863,-.17460318,-.17391305,-.13793103,-.097222224,-.013513514,-.083333336,-.15000001,-.012820513,-.18965517,-.12857144,-.19117647,-.18032786,-.085365854,-.068965517,.028072029,-.023980815,-.23650379,-.0047322311,.12503684,2.1675999,01sep2007
-.21621622,-.17857143,-.025974026,-.14492753,-.019607844,-.13846155,-.021276595,-.079999998,-.12068965,-.11111111,-.19298245,-.19298245,-.09589041,-.17073171,-.13207547,-.097222224,-.013513514,-.12244898,.03846154,-.1724138,-.059701491,-.053571429,.027777778,-.109375,-.171875,-.027777778,-.11666667,-.11392405,-.050000001,-.16129032,-.12698413,-.092307694,-.11267605,-.027777778,-.12280702,-.11940298,-.048387095,-.025641026,-.053333335,-.04109589,-.16949153,.037974682,-.2037037,-.090909094,-.11111111,-.092307694,-.023255814,-.050000001,.020457732,-.15698388,-.26153845,-.011826048,.11065078,1.73256,01oct2007
-.27536231,-.25531915,.027027028,-.12121212,0,-.14925373,-.125,-.10144927,0,-.016393442,-.18333334,-.16071428,-.11111111,0,-.16666667,-.056338027,-.02739726,-.098039217,-.060606062,-.12068965,-.048387095,-.071428575,-.10126583,-.19642857,-.10769231,-.07692308,-.016666668,-.06849315,-.051282052,-.081967212,-.084745765,-.053333335,-.04109589,-.014705882,-.15789473,-.13793103,-.060606062,-.11940298,-.039999999,-.027777778,-.12307692,.087499999,-.16,-.12676056,-.16666667,-.10526316,-.038961038,-.070175439,.014777835,-.21024968,-.51070338,-.016996216,.05435678,1.89498,01nov2007
-.25352111,-.19148937,-.014285714,-.21311475,.018867925,-.13846155,-.40625,-.14285715,.012820513,-.016129032,-.2,-.21666667,-.1025641,-.06666667,-.19298245,-.044117648,0,-.12328767,-.04109589,-.125,-.109375,-.095238097,-.010989011,-.23214285,-.15151516,-.11111111,-.07272727,-.095238097,-.085365854,-.16666667,-.12068965,-.034883723,-.064102568,.03125,-.16949153,-.15517241,-.11267605,-.044776119,.023255814,-.088607594,-.1923077,.02631579,-.16666667,-.1875,-.18461539,-.12,-.11111111,-.098360658,.013582442,-.21456949,-.61666662,-.019847121,.034092456,1.18241,01dec2007
-.18666667,-.19298245,-.039999999,-.1641791,.054545455,-.11428571,-.093023255,-.05479452,-.03508772,-.053571429,-.1147541,-.18181819,-.093333334,-.31481481,-.089285716,-.083333336,-.10958904,-.096774191,-.12068965,-.14754099,-.097222224,-.054545455,0,-.203125,-.12121212,-.05952381,-.084745765,-.09375,-.075000003,-.096774191,.125,-.11764706,-.075757578,-.033333335,-.055555556,-.14666666,-.048387095,-.05479452,.05882353,-.037500001,-.19642857,.047619049,-.15517241,-.10126583,-.15714286,-.087719299,-.085365854,-.06666667,.011710414,-.23596938,-.81090909,-.021810025,-.04329912,.98851001,01jan2008
-.22535211,-.26785713,-.013333334,-.203125,-.018181818,-.23809524,-.27272728,-.08219178,-.054545455,-.035714287,-.13333334,-.16071428,-.067567565,-.2647059,-.17307693,-.085714288,-.028571429,-.1,-.044776119,-.12903225,-.098591551,-.11111111,.014285714,-.21666667,-.11111111,-.077922076,-.016393442,-.092307694,-.051282052,-.11290322,.049382716,-.14516129,-.11764706,-.016666668,-.095238097,-.1369863,-.11666667,-.070422538,0,-.064935066,-.12280702,.013333334,-.1724138,-.11267605,-.1594203,-.13333334,-.088607594,-.096774191,.0075028003,-.28954801,-1.3726417,-.023554973,-.057258517,.60405999,01feb2008
-.15714286,-.25454545,-.027027028,-.09375,0,-.16666667,-.11904762,-.14925373,-.13207547,0,-.21052632,-.1509434,-.14925373,-.15000001,-.1632653,-.090909094,-.029411765,-.086956523,-.14492753,-.078125,-.10769231,-.096153848,.028985508,-.24137931,-.12698413,-.026666667,0,-.12903225,-.081081077,-.13114753,-.025641026,-.06666667,-.12676056,-.10526316,-.054545455,-.1971831,-.034482758,0,-.01369863,-.067567565,-.15517241,.012658228,-.19642857,-.16666667,-.14925373,-.14545454,-.11842106,-.087719299,.0040946049,-.27194247,-2.920635,-.025649566,-.074211836,.71262002,01mar2008
-.21428572,-.21052632,.046511628,-.14925373,-.03508772,-.25,0,-.06849315,-.14814815,-.018181818,-.1509434,-.12068965,-.02631579,-.17948718,-.18367347,-.070422538,-.10769231,-.13043478,-.1025641,-.090909094,-.11594203,-.11111111,-.060606062,-.16129032,-.13235295,-.14473684,.044776119,-.14516129,-.10958904,-.140625,-.11428571,-.15517241,-.12,-.07692308,-.052631579,-.21917808,-.16071428,-.10144927,-.097222224,-.078947365,-.19672132,.031914894,-.25,-.1641791,-.1641791,-.06666667,-.087499999,-.12280702,.00070588477,-.39137381,-2.7751937,-.029371785,-.069847502,.76858002,01apr2008
-.14492753,-.23636363,.024096385,-.13846155,0,-.18181819,-.15000001,-.05882353,-.11764706,-.018181818,-.074074075,-.13207547,-.13043478,-.1025641,-.059999999,-.095238097,.014084507,-.08510638,-.11111111,-.057142857,-.073529415,-.056603774,-.014705882,-.16666667,-.13846155,-.10526316,.043478262,-.1,-.06849315,-.14754099,-.07692308,-.084745765,-.055555556,0,-.039215688,-.17647059,-.070175439,-.014705882,-.027777778,-.097222224,-.098360658,.043956045,-.21818182,-.17741935,-.19672132,-.087719299,-.10526316,-.068965517,.040821731,-.4765887,-1.734104,-.032724191,-.093003325,.79904997,01may2008
-.11111111,-.23636363,.097560972,-.028169014,-.018867925,-.16981132,-.07692308,-.095238097,-.083333336,-.036363635,-.11111111,-.03773585,-.10144927,-.12820514,-.10416666,-.048387095,-.077922076,-.22222222,-.078947365,-.045454547,.014705882,-.096153848,-.029411765,-.2631579,-.090909094,-.16071428,.1891892,-.068965517,-.092105262,-.11111111,-.17741935,-.14035088,-.05882353,.04255319,-.081632651,-.14285715,-.070175439,-.060606062,-.013513514,-.05479452,-.14035088,.047619049,-.28301886,-.15873016,-.1724138,-.09259259,-.06666667,-.12727273,.017331818,-.51241136,-1.4784946,-.033563599,-.17449218,.66806,01jun2008
-.21428572,-.29824561,.05952381,-.1969697,-.053571429,-.24561404,.15555556,-.10769231,-.14285715,0,-.13207547,-.18867925,-.1641791,-.15384616,-.14583333,-.059701491,.011627907,-.29166666,-.1,-.14285715,-.014492754,-.12,-.10294118,-.25,-.24615385,-.125,.12328767,-.11864407,-.036585364,-.24193548,-.18461539,-.18965517,-.074626863,-.059999999,-.10909091,-.22222222,-.11864407,-.074626863,-.090909094,-.079999998,-.17307693,-.011764706,-.2631579,-.16923077,-.16129032,-.14814815,-.12162162,-.14035088,.0003142723,-.47712418,-1.9570553,-.031199336,-.14825073,-.070670001,01jul2008
-.2173913,-.28301886,0,-.22222222,-.068965517,-.28070176,0,-.12307692,-.1509434,-.071428575,-.11538462,-.11111111,-.1875,-.1891892,-.14285715,-.07692308,.024691358,-.2,-.25352111,-.18644068,-.028985508,-.11538462,-.10606061,-.27118644,-.17741935,-.23214285,.045454547,-.11290322,-.048780486,-.19672132,-.42372882,-.21052632,-.074626863,-.070175439,-.14814815,-.22727273,-.10526316,-.10144927,-.097222224,-.10958904,-.1509434,-.012658228,-.28846154,-.26984128,-.18333334,-.17647059,-.14666666,-.14035088,-.0063945241,-.32380956,-1.4418603,-.026195524,-.14901429,-.47496,01aug2008
-.092307694,-.2888889,.1025641,-.19298245,-.059999999,-.23076923,-.48717949,-.09375,-.079999998,-.055555556,-.14893617,-.11320755,-.21311475,-.35714287,-.17021276,.014285714,.02631579,-.21276596,-.203125,-.12727273,.10810811,-.06122449,-.18644068,-.16666667,-.2,.10526316,.1971831,-.14754099,-.012658228,-.22222222,-.046153847,-.14814815,-.092307694,-.098360658,-.25999999,-.18965517,-.094339624,.052631579,-.12121212,-.090909094,-.11111111,-.02631579,-.20833333,-.14754099,-.15254237,-.10909091,-.10810811,-.11538462,-.0074421973,-.18634422,-2.4424779,-.02282791,-.30898693,-1.16117,01sep2008
-.12121212,-.27272728,-.026666667,-.18965517,-.040816326,-.27450982,.32857144,-.11940298,-.094339624,0,-.11764706,-.055555556,-.15873016,-.17142858,-.17777778,.01369863,.06329114,-.22499999,-.27868852,-.11538462,0,-.14285715,-.14285715,-.18518518,-.18518518,-.028571429,.0625,-.08219178,-.012658228,-.1923077,.030769231,-.2037037,-.059701491,-.05882353,-.1875,-.24074075,-.12727273,-.02631579,-.041666668,-.10606061,-.11320755,-.067567565,-.2,-.11594203,-.2,-.16071428,-.13157895,-.15384616,-.00064777397,-.40451398,-4.8208957,-.023504779,-.59935999,-1.3907599,01oct2008
-.15000001,-.20512821,-.13846155,-.24528302,-.021276595,-.26415095,.60000002,-.15000001,-.16071428,-.05172414,-.11111111,-.12,-.125,-.32352942,-.2,-.014285714,.087499999,-.18604651,-.064516127,-.16,-.12727273,-.14285715,-.097222224,-.2173913,-.2264151,-.16071428,-.13207547,-.17741935,0,-.24489796,-.13461539,-.27118644,-.15873016,-.13333334,-.1875,-.20833333,-.081967212,.028985508,.025974026,-.125,-.18181819,-.14285715,-.35135135,-.20338982,-.15789473,-.1632653,-.14925373,-.14,.0063828416,-.37613019,-16.210526,-.023271024,-.65261537,-1.84102,01nov2008
-.20338982,-.23684211,-.14754099,-.19607843,-.081632651,-.27450982,.65957445,-.06779661,-.1641791,-.10714286,-.10294118,-.2,-.2,-.21621622,-.1632653,.055555556,-.037974682,-.28070176,.14117648,-.098039217,-.049180329,-.14545454,-.18181819,-.19148937,-.17857143,-.22033899,-.12244898,-.2,-.012345679,-.15384616,.24675325,-.30303031,-.18181819,-.12280702,-.20408164,-.18367347,-.12698413,-.046875,-.088607594,-.17910448,-.13043478,-.13432837,-.2631579,-.10344828,-.18181819,-.086956523,-.125,-.22,-.0042473851,-.25623965,-99,-.021638561,-.62564075,-2.0935199,01dec2008
-.20967741,-.3255814,-.20967741,-.26415095,-.17021276,-.34615386,.065217391,-.17741935,-.1875,-.12,-.17307693,-.12244898,-.27118644,-.079999998,-.19148937,.064935066,-.057971016,-.23999999,.10769231,-.1509434,-.14285715,-.14583333,-.10606061,-.23076923,-.26923078,-.33333334,-.18000001,-.18518518,-.052631579,-.23999999,-.1,-.1724138,-.15789473,-.17647059,-.24137931,-.29310346,-.12727273,-.10606061,-.1038961,-.12676056,-.098039217,-.2,-.3488372,-.25396827,-.25,-.1875,-.1884058,-.15384616,-.016754812,-.28104576,-20.153847,-.019919958,-.66918921,-1.54888,01jan2009
-.14516129,-.30232558,-.19047619,-.23076923,-.14583333,-.2857143,.18518518,-.15873016,-.27906978,-.16666667,-.2,-.12,-.25423729,-.079365082,-.20930232,.090909094,-.029411765,-.2820513,-.11666667,-.21568628,-.092307694,-.14893617,-.12903225,-.17647059,-.25999999,-.18461539,-.22,-.2264151,-.012987013,-.21568628,-.094594598,-.1923077,-.15254237,-.2,-.23529412,-.28070176,-.15384616,-.075757578,-.084507041,-.16666667,-.1875,-.171875,-.2888889,-.20338982,-.21052632,-.17647059,-.11267605,-.1923077,-.029775308,-.25754893,-6.0666661,-.016233526,-.81015921,-1.55568,01feb2009
-.22807017,-.25,-.13846155,-.18518518,-.125,-.25,.27586207,-.063492067,-.15217391,-.125,-.1875,.11666667,-.1754386,-.081081077,-.19512194,.12,0,-.21052632,0,-.25490198,-.048387095,-.13043478,-.16949153,-.13725491,-.21153846,-.171875,-.27083334,-.1923077,.013333334,-.24489796,.037037037,-.17647059,-.092307694,-.11764706,-.25,-.22413793,-.11538462,-.109375,-.073529415,-.10447761,-.13725491,-.14492753,-.24444444,-.1,-.19642857,-.078431375,-.070422538,-.1632653,-.033167139,-.21291451,-5.0000005,-.0093888007,-.65778887,-2.1020701,01mar2009
-.12903225,-.3255814,-.32307693,-.24074075,-.075471699,-.24444444,.26865673,-.10606061,-.14893617,-.14583333,-.15217391,.049180329,-.24590164,-.14705883,-.16666667,.053333335,.044117648,-.21052632,-.06849315,-.31999999,-.078125,-.125,-.11864407,-.21568628,-.21428572,-.20634921,-.39583334,-.16981132,.039473683,-.23076923,.054054055,-.16,-.086956523,-.083333336,-.35714287,-.25862068,-.07692308,-.078125,-.043478262,-.10144927,-.089285716,-.22077923,-.24444444,-.21818182,-.19642857,-.13207547,-.14285715,-.1632653,-.025205538,.038402461,-7.0625,.00052682339,-.58750474,-2.35287,01apr2009
-.18965517,-.30952382,-.40677965,-.25,-.07692308,-.25,.40298507,-.15254237,-.18604651,-.17021276,-.2,-.10416666,-.27777779,-.25806451,-.2820513,.059701491,-.028985508,-.30555555,-.043478262,-.40000001,-.1724138,-.12765957,-.1724138,-.25,-.2037037,-.1632653,-.53333336,-.2,0,-.1509434,-.12068965,-.25531915,-.10769231,.096153848,-.24390244,-.21428572,-.1632653,-.096774191,-.10769231,-.090909094,-.17307693,-.30000001,-.30952382,-.21568628,-.17307693,-.1875,-.15151516,-.20833333,-.051898669,.12954874,-8.6111107,.0082288692,-.52357638,-2.34816,01may2009
-.2631579,-.25,-.4642857,-.31481481,-.081632651,-.26190478,.37096775,-.125,-.2631579,-.19565217,-.25581396,-.059999999,-.35294119,-.21875,-.2,.060606062,0,-.25,-.11764706,-.34693879,-.25925925,-.15555556,-.15254237,-.1632653,-.22222222,-.098039217,-.68181819,-.2888889,-.013333334,-.25999999,-.10714286,-.21276596,-.19298245,-.23684211,-.19512194,-.27272728,-.1875,-.081967212,-.13846155,-.140625,-.1875,-.3125,-.17777778,-.16666667,-.094339624,-.17391305,-.11940298,-.19565217,-.041674275,.20338984,-9.333333,.011020522,-.39233345,-2.17485,01jun2009
-.16666667,-.21276596,-.5,-.24528302,-.098039217,-.26666668,-.046511628,-.12068965,-.19512194,-.25,-.17777778,-.081632651,-.28846154,-.21875,-.23076923,.014705882,-.19444445,-.2631579,-.11111111,-.18867925,-.25454545,-.11111111,-.19298245,-.2,-.27450982,-.20754717,-.65909094,-.22916667,-.1388889,-.1923077,-.2264151,-.18367347,-.19642857,-.13636364,-.34146342,-.2857143,-.20408164,-.098360658,-.14925373,-.171875,-.13043478,-.34920636,-.23913044,-.18181819,-.14814815,-.25581396,-.12121212,-.1875,-.028511405,.072727256,-8.0555553,.0085271746,-.28344882,-1.37959,01jul2009
-.18965517,-.26190478,-.33333334,-.21153846,-.11538462,-.23913044,-.057142857,-.12068965,-.20454545,-.16666667,-.18181819,-.14893617,-.25490198,-.12121212,-.19512194,.084507041,-.14084508,-.25,-.092307694,-.07272727,-.18965517,-.13043478,-.13793103,-.18000001,-.1923077,-.037037037,-.5,-.21568628,-.078947365,-.17307693,-.13461539,-.11764706,-.15517241,-.14,-.22727273,-.2,-.14,-.078125,-.090909094,-.140625,-.17777778,-.25396827,-.18181819,-.10526316,-.15384616,-.15909091,-.13636364,-.1875,-.024347737,.041095845,-9.1176472,.0063749817,-.25691247,-.45741999,01aug2009
-.16071428,-.25,-.39285713,-.1632653,-.041666668,-.20930232,-.18181819,-.084745765,-.1627907,-.17391305,-.14634146,-.081632651,-.24489796,-.050000001,-.20512821,0,-.15151516,-.27027026,-.18518518,-.27906978,-.34545454,-.16666667,-.15686275,-.2,-.17021276,-.46153846,-.5777778,-.19607843,-.097222224,-.14893617,-.44444445,-.125,-.16071428,-.19607843,-.1627907,-.18367347,-.10416666,-.22580644,-.11864407,-.11864407,-.2,-.24590164,-.23076923,-.10909091,-.18000001,-.14583333,-.13846155,-.20930232,-.023827411,.043537375,-8.416667,.0073852534,-.10337912,-.78858,01sep2009
-.17857143,-.25714287,-.3392857,-.18367347,-.04255319,-.18604651,-1.1212121,-.13559322,-.10416666,-.22727273,-.21428572,-.17391305,-.2857143,-.16666667,-.21621622,-.028169014,-.17910448,-.29032257,-.033898305,-.2682927,-.1754386,-.11363637,-.23529412,-.25581396,-.17391305,-.32075471,-.45454547,-.23728813,-.11267605,-.20930232,-.44444445,-.125,-.15517241,-.15254237,-.23076923,-.17391305,-.14583333,-.24590164,-.16129032,-.11864407,-.15217391,-.25423729,-.25,-.25454545,-.17647059,-.16666667,-.15151516,-.20930232,-.033135965,.18413599,-8.5714293,.011222444,.065084502,-.46601,01oct2009
-.2,-.25806451,-.25,-.15217391,-.093023255,-.15217391,-2.3333333,-.071428575,-.16666667,-.18367347,-.22727273,-.13636364,-.30612245,-.096774191,-.125,0,-.17647059,-.2647059,-.1923077,-.25,-.078431375,-.11363637,-.24137931,-.17948718,-.15217391,-.098039217,-.32499999,-.1923077,-.098591551,-.19512194,-.30000001,-.09259259,-.14545454,-.17647059,-.17073171,-.14285715,-.17307693,-.23214285,-.18461539,-.12280702,-.19565217,-.20689656,-.057142857,-.13461539,-.1632653,-.13953489,-.098360658,-.19047619,-.03673847,.17952526,-2.8,.013936548,.18198663,-.3671,01nov2009
-.13461539,-.22580644,-.22,-.13333334,-.088888891,-.18604651,-2.3571429,-.15686275,-.15517241,-.14285715,-.21428572,-.13636364,-.2037037,-.12121212,-.22499999,-.090909094,-.12857144,-.26666668,-.60377359,-.24390244,-.19607843,-.12244898,-.22222222,-.20512821,-.2173913,-.09259259,-.19512194,-.16666667,-.10958904,-.23809524,-.92500001,-.17857143,-.15789473,-.14,-.22499999,-.22499999,-.125,-.12280702,-.234375,-.11666667,-.18965517,-.24074075,-.15151516,-.16,-.14583333,-.17948718,-.084745765,-.19047619,-.024442473,.17103451,.40000004,.015730936,.18998297,.55802,01dec2009
-.21568628,-.22857143,-.21568628,-.15217391,0,-.15555556,-.64285713,-.16981132,-.14285715,-.11111111,-.15555556,-.16666667,-.20408164,-.21951219,-.27027026,-.1,-.061538462,-.35135135,-.41304347,-.20454545,-.125,-.14285715,-.24528302,-.20930232,-.18181819,-.032786883,-.21951219,-.125,-.085714288,-.1627907,-.86046511,-.13725491,-.14,-.15909091,-.20833333,-.18367347,-.1,-.11864407,-.28333333,-.14516129,-.21428572,-.25,-.13157895,-.23529412,-.16666667,-.2,-.11290322,-.15555556,-.008625363,.17741936,-1.1666667,.01724753,.23093112,-.11904,01jan2010
-.16981132,-.19444445,-.14545454,-.15555556,-.021276595,-.11363637,-.80000001,-.14545454,-.023809524,-.090909094,-.11111111,-.19047619,-.20408164,-.3125,-.16216215,-.13235295,-.079365082,-.21875,-.22448979,-.08510638,-.065573767,-.06818182,-.21568628,-.21428572,-.086956523,-.083333336,-.21951219,-.081632651,-.11594203,-.10869565,-.72093022,-.06122449,-.09259259,-.086956523,-.10869565,-.1632653,-.10638298,-.13793103,-.18333334,-.047619049,-.11627907,-.12280702,-.18421052,-.15686275,-.14,-.13333334,-.109375,-.13043478,.0029954165,.23505434,-1.7272729,.018048117,.33445299,.56976998,01feb2010
-.055555556,-.1891892,-.2037037,-.17391305,-.043478262,-.17073171,-.93333334,-.10526316,-.12195122,-.11627907,-.14285715,-.39534885,-.1632653,.22916667,-.1388889,-.056338027,-.079365082,-.26666668,-.27777779,-.13333334,-.087719299,-.069767445,-.20408164,-.15909091,-.10638298,-.015873017,-.11627907,-.10638298,-.086956523,-.088888891,-.88372093,-.10869565,-.12068965,-.13333334,-.15789473,-.18367347,-.10638298,-.10344828,-.19298245,-.080645159,-.15909091,-.18965517,-.125,-.11111111,-.12,-.13333334,-.092307694,-.13953489,.0088996813,.22146739,-.39999983,.015999682,.31772751,1.44075,01mar2010
-.14814815,-.16216215,-.12068965,-.14893617,-.059999999,-.125,-1.09375,-.17857143,-.093023255,-.11627907,-.15000001,-.38636363,-.22,-.13333334,-.16666667,-.11940298,-.046153847,-.31034482,-.28070176,-.13636364,-.14285715,-.11627907,-.25531915,-.21428572,-.14285715,0,-.021276595,-.10416666,-.10144927,-.13043478,-.76190478,-.063829787,-.15000001,-.2,-.10526316,-.18367347,-.10638298,-.084745765,-.23214285,-.095238097,-.14285715,-.14925373,-.125,-.12244898,-.14285715,-.15217391,-.07692308,-.13953489,.012389732,.098337941,0,.011319094,.26450035,1.7332,01apr2010
-.094339624,-.16666667,-.017241379,-.10638298,-.06122449,-.15789473,-1.5769231,-.13461539,-.075000003,-.11904762,-.125,-.14285715,-.10204082,-.033333335,-.14705883,-.11666667,-.095238097,-.2,-.3018868,-.19047619,-.094339624,-.06818182,-.20833333,-.23076923,-.125,-.04255319,.23728813,-.11111111,-.10606061,-.20454545,-.56756759,-.06818182,-.14035088,-.44444445,-.051282052,-.19148937,-.088888891,-.10714286,-.10169491,-.064516127,-.13043478,-.16666667,-.07692308,-.15909091,-.15555556,-.14285715,-.11864407,-.14285715,.0060449238,.066576101,-.12500006,.0074518737,.1562956,1.76556,01may2010
-.036363635,-.12820514,.06666667,-.125,-.088888891,-.10526316,-1.48,-.12,0,-.069767445,-.1025641,-.19047619,-.08510638,-.06666667,-.17647059,.014925373,-.026666667,-.16129032,-.19298245,-.13953489,-.018867925,-.046511628,-.15686275,-.13953489,-.14893617,-.040816326,.33333334,0,-.056338027,-.1627907,-.40000001,-.044444446,-.036363635,-.085714288,-.10810811,-.14583333,-.090909094,-.05172414,-.14035088,-.06666667,-.06666667,-.084745765,-.097560972,-.125,-.17777778,-.095238097,-.11666667,-.069767445,.023771681,.068421014,-.50000006,.0049119592,.10807113,2.02458,01jun2010
-.071428575,-.06818182,.01754386,-.059999999,.01923077,-.125,-.65384614,-.054545455,0,.020408163,-.046511628,0,0,.030303031,-.083333336,.10526316,.23404256,-.085714288,-.10769231,-.12765957,.03508772,.04255319,-.075471699,-.063829787,-.02,-.10416666,.18518518,-.021276595,.12195122,-.039999999,-.15217391,0,-.037037037,-.073170729,-.025,-.056603774,.075471699,-.070175439,-.015151516,.030303031,-.022222223,-.050000001,-.12195122,-.14583333,-.03846154,-.048780486,-.047619049,.094339624,.030512553,.026548715,-.12500006,.0025296796,.10359479,1.91523,01jul2010
.016949153,-.050000001,-.055555556,-.083333336,0,-.12195122,-.20689656,-.035714287,.083333336,.020408163,-.047619049,0,.01923077,.057142857,-.10810811,-.075757578,.28999999,-.073170729,-.048387095,-.17021276,.049180329,.021276595,-.13725491,-.11111111,-.10638298,-.125,.043478262,-.02,.095238097,-.019607844,-.06122449,-.08510638,-.035714287,-.086956523,-.073170729,-.057692308,.056603774,-.084745765,-.1,.015384615,0,-.125,-.073170729,-.14,.018867925,-.073170729,-.015384615,.094339624,.03634242,.046444193,-.0625,.00035373683,.027360316,1.28192,01aug2010
-.056603774,0,-.056603774,-.13953489,0,-.1025641,-.26923078,-.053571429,.022727273,0,-.078947365,-.04255319,.02,-.17647059,-.083333336,-.12903225,.25842696,-.057142857,.052631579,0,.05172414,.06666667,-.0625,-.071428575,-.06818182,-.15555556,0,0,.07692308,.020833334,-.046511628,-.090909094,-.018181818,-.040816326,-.048780486,-.11363637,.05882353,-.050847456,-.07272727,.032786883,0,-.089285716,-.054054055,-.12244898,.03846154,-.06666667,0,.12244898,.034700904,-.077712655,.20000005,-.001944854,.07371188,2.36064,01sep2010
-.098039217,-.060606062,-.07692308,-.13953489,.040816326,-.13157895,-.26923078,-.07272727,0,0,-.050000001,-.022222223,0,-.034482758,-.088235296,-.14516129,.18292683,-.033333335,-.09259259,0,-.017857144,.022222223,-.10869565,-.048780486,-.069767445,-.12765957,-.047619049,0,.053333335,.044444446,-.022727273,-.11627907,-.054545455,-.09259259,-.054054055,-.095238097,.05882353,-.033898305,-.050847456,.016666668,-.022222223,-.13461539,-.05882353,-.17021276,0,-.11627907,-.064516127,.12244898,.040603418,-.042836059,.46153846,-.0012533145,.12429229,2.5043199,01oct2010
-.020408163,-.033333335,-.039999999,-.045454547,.08510638,-.12195122,.0625,-.018181818,.07692308,.02,.022222223,0,.09259259,-.033333335,-.14285715,-.12903225,.17073171,-.030303031,-.019607844,0,.03773585,.043478262,-.18367347,-.02631579,-.045454547,-.10869565,.047619049,.037037037,.053333335,.06818182,.024390243,-.05882353,0,0,-.025,-.10526316,.071428575,-.018181818,-.12068965,.065573767,.079999998,-.094339624,-.09375,-.10638298,.02,-.075000003,0,.086956523,.040357899,.058659162,.64285713,.0011820467,.071932577,2.97346,01nov2010
-.083333336,0,-.041666668,-.071428575,.0625,-.1025641,-.12,0,.09375,.075471699,0,0,.035714287,-.064516127,-.081081077,-.015384615,.20454545,.021739131,.018518519,0,.03773585,.02,-.14545454,-.054054055,-.045454547,-.10204082,.023809524,.032258064,.051948052,.045454547,-.025641026,-.037037037,0,.019607844,-.025641026,-.081081077,.034482758,-.036363635,-.015873017,.047619049,.033333335,-.079999998,-.1,-.11111111,.039999999,-.083333336,-.053571429,.14285715,.042283788,.026845638,.64285713,.0019403682,.11333927,2.5538001,01dec2010
.13559322,.125,.13559322,.14814815,.20338982,.16666667,0,.18461539,.27586207,.18181819,.21052632,.25,.27941176,.24074075,.02631579,.11392405,.2857143,.15909091,.14814815,.15384616,.081967212,.23636363,.036363635,.15686275,.2,-.10909091,.1632653,.23809524,.16666667,.2037037,.2037037,.13559322,.20634921,.18518518,.28358209,.125,.2647059,-.03508772,.1780822,.22499999,.27586207,.1641791,-.055555556,.10526316,.22580644,.069767445,.15068494,.31818181,.050299343,-.0026954853,.60000002,.0014052913,.16503125,2.8184299,01jan2011
.11666667,.1,.11290322,.1509434,.28787878,.15384616,0,.17910448,.2631579,.16981132,.18181819,.23636363,.234375,.37662336,.051282052,.081081077,.29213482,.11111111,.125,.14545454,.25609756,.22807017,0,.20754717,.14814815,-.071428575,.2264151,.234375,.16867469,.17857143,.2037037,.075471699,.20588236,.14814815,.16363636,.10909091,.30882353,-.035714287,.13043478,.20253165,.23214285,.065573767,-.027027028,.03773585,.19354838,.04255319,.12328767,.31343284,.053309247,.050322607,.15384616,.00036729069,.16781694,2.5504,01feb2011
.052631579,.11904762,.2173913,.16363636,.28125,.14583333,0,.14925373,.29310346,.18867925,.16,.25862068,.234375,-.14285715,.07692308,-.014285714,.25882354,.090909094,.12903225,.18181819,.12307692,.23214285,.02,.12,.12962963,-.14545454,.18867925,.24193548,.1375,.21052632,.18867925,.098039217,.19444445,.23728813,.17391305,.125,.28787878,-.054545455,.13636364,.19480519,.22807017,.09375,-.025641026,.018181818,.20634921,.0625,.15584415,.34848484,.047791261,-.090370342,-.50000012,-.0020348546,.11796377,2.4507301,01mar2011
.1,.097560972,.13432837,.1754386,.2857143,.14893617,-.032258064,.17647059,.25862068,.29508197,.24528302,.25423729,.24242425,.1891892,.052631579,.069444448,.22619048,.12121212,.17391305,.2,.15151516,.25862068,.16071428,.17647059,.16949153,-.10526316,.12962963,.25,.14814815,.19298245,.20754717,.078431375,.25,.2857143,.13636364,.15517241,.31884059,-.053571429,.1884058,.21250001,.27941176,.042857144,.047619049,.057692308,.234375,.079999998,.10958904,.36764705,.038334232,-.034383867,-1.6666667,-.0024155395,.12974392,2.1824701,01apr2011
.11666667,.1627907,.049180329,.1754386,.234375,.15555556,.037037037,.17460318,.27272728,.34375,.18367347,.25,.26865673,.11764706,.081081077,.13043478,.21250001,.090909094,.15873016,.20754717,.15873016,.25423729,.11111111,.20408164,.2,-.14634146,-.18000001,.26229507,.15384616,.21428572,.27450982,.13725491,.23999999,.23404256,.13333334,.1754386,.30769232,0,.14492753,.21518987,.30303031,.13043478,.025,.10204082,.25,.10638298,.14492753,.37313432,.029456269,.0094213318,-3,-.0025601815,.19015016,1.9452,01may2011
.11290322,.15217391,.016393442,.18644068,.3283582,.15555556,.074074075,.21875,.26923078,.35820895,.23529412,.30000001,.29850745,.16666667,.081081077,.014705882,.10714286,.060606062,.13636364,.18867925,.15873016,.25862068,.07272727,.2037037,.18965517,-.16666667,-.31999999,.23728813,.13414635,.23214285,.27272728,.11764706,.22535211,.22222222,.11904762,.2,.33333334,-.054545455,.16176471,.25,.30769232,.10606061,.023809524,.07692308,.25,.086956523,.1891892,.3943662,.032092378,-.062937066,-2,-.0046958816,.2195375,1.93832,01jun2011
.050847456,.10204082,.065573767,.18032786,.24637681,.18367347,-.083333336,.11290322,.24074075,.234375,.14,.20967741,.24637681,.13157895,.027027028,-.085714288,-.080459774,0,.044117648,.11320755,.13636364,.16071428,0,.16071428,.16666667,-.14285715,-.05882353,.22950819,.023809524,.10714286,.17857143,.09259259,.23943663,.21153846,.11111111,.14516129,.25352111,-.036363635,.14285715,.175,.2857143,.10447761,0,.039999999,.14754099,.06818182,.11267605,.30263159,.03261986,-.06436424,-3,-.0076713054,.14755316,1.89518,01jul2011
.10606061,.090909094,.15625,.1724138,.27777779,.18000001,-.11538462,.13846155,.18644068,.20967741,.14285715,.265625,.24637681,.14634146,.02631579,.083333336,-.13636364,0,.015873017,.11320755,.29885057,.20338982,0,.21052632,.18965517,-.11627907,.11538462,.21875,-.012048192,.13559322,.24615385,.096153848,.2,.22033899,.19607843,.13333334,.24285714,-.017241379,.1780822,.17721519,.26229507,.125,-.025,.074074075,.13114753,.06818182,.13333334,.2638889,.028010458,-.23476708,-7,-.010941667,.13911018,1.57066,01aug2011
.086206898,.07692308,.11666667,.21818182,.26153848,.22,.10344828,.11111111,.25423729,.23333333,.20833333,.21666667,.2647059,.10526316,-.028571429,.1388889,-.05952381,-.09375,.033898305,.12244898,.25641027,.18181819,0,.17647059,.18518518,-.15384616,.081632651,.23880596,.048780486,.11111111,.29508197,.13725491,.21428572,.25757575,.18000001,.13725491,.23880596,-.053571429,.17910448,.19736843,.27419356,.081967212,-.088235296,.02,.13333334,.081632651,.057971016,.26865673,.02651599,-.14621843,-14.000001,-.011115049,-.0086440053,1.66517,01sep2011
.07272727,.10810811,.11864407,.2037037,.19672132,.19148937,.10344828,.16666667,.22580644,.25423729,.18367347,.21052632,.28985506,.14705883,.10526316,.1388889,.12765957,-.071428575,.018181818,.24074075,.1641791,.19642857,.041666668,.1632653,.18867925,-.14634146,.16,.21333334,.10714286,.16666667,.26666668,.14,.22535211,.22857143,.22916667,.14285715,.26086956,-.09259259,.19178082,.1891892,.25,.11864407,-.030303031,.14545454,.15000001,.10416666,.11428571,.27941176,.025851145,-.11348681,-5.5,-.0097411275,.055884466,1.55108,01oct2011
.075471699,.0625,.13793103,.18518518,.22950819,.21153846,-.28,.11290322,.25714287,.2647059,.27419356,.18518518,.25,.16666667,.054054055,.11428571,.023809524,-.064516127,.07272727,.16666667,.22058824,.22033899,.057692308,.17391305,.21428572,-.15000001,.16,.26027396,.050632913,.12,.29310346,.15000001,.26666668,.22727273,.14893617,.15555556,.27272728,-.057692308,.22666667,.18666667,.20634921,.10169491,-.032258064,.11320755,.18032786,.11111111,.12857144,.2923077,.02293648,-.12401879,-13,-.0078396825,.053257521,1.10225,01nov2011
.07692308,.060606062,.11111111,.1923077,.28358209,.23529412,-.041666668,.15000001,.20987654,.1969697,.21126761,.24137931,.27272728,.1388889,.051282052,.097222224,0,-.095238097,.1147541,.1632653,.053571429,.25373134,-.018518519,.22916667,.22807017,-.11363637,.17647059,.26190478,.072289154,.15384616,.33898306,.14285715,.25,.21538462,.22,.19565217,.30952382,-.078431375,.17105263,.22222222,.25,.18032786,.032258064,.081632651,.18032786,.14285715,.15151516,.33783785,.024806194,-.065808266,-13,-.0048350594,-.000031806616,1.02745,01dec2011
-.07272727,-.052631579,-.017241379,.018181818,.14492753,0,-.07692308,.015151516,.033333335,.11290322,.017241379,-.018181818,.093333334,-.10204082,-.027027028,-.039473683,-.15189873,-.22222222,0,.018867925,-.05172414,.05172414,-.17021276,-.02,.03508772,-.1,.057692308,.059701491,-.06329114,0,.16923077,-.07272727,.086956523,.035714287,-.098360658,.01754386,.081081077,-.055555556,-.013888889,.090909094,.033333335,-.030769231,-.028571429,-.036363635,.03125,.065217391,-.013888889,.083333336,.017052684,.010666707,-4.0000005,-.0012460825,.020031849,1.41881,01jan2012
-.090909094,0,-.068965517,.036363635,.10810811,.018867925,.032258064,.014705882,.13636364,.10169491,.017857144,.03508772,.12328767,-.069444448,-.11428571,-.01369863,-.17105263,-.2857143,-.018181818,.03508772,-.43859649,.080645159,-.10869565,0,.035714287,-.098039217,0,.044776119,-.050632913,.01754386,.2173913,-.01923077,.10526316,0,-.018518519,.017857144,.081081077,-.037037037,.041666668,.08139535,.096774191,-.033898305,-.027777778,0,.046153847,.059999999,0,.08219178,.020571345,-.029216427,-.44444439,.0018290115,.028161867,1.9855,01feb2012
-.075471699,-.07692308,-.16949153,.03508772,.098591551,.020408163,-.2,-.030769231,.079365082,.036363635,0,-.035714287,.085714288,-.13513513,-.14705883,-.044776119,-.16438356,-.17857143,-.033333335,-.018518519,-.12068965,.050847456,-.086956523,-.020408163,.035714287,-.12244898,0,.060606062,-.038961038,-.036363635,.18461539,-.040816326,.1,0,.021276595,.01754386,.043478262,-.057692308,.029411765,.094117649,.109375,-.049180329,-.054054055,-.1,-.032786883,-.043478262,-.084507041,.070422538,.026703142,.1141732,-.25000003,.0054907855,.058673598,1.4177099,01mar2012
-.13207547,-.025,-.11666667,0,.078947365,0,-.14814815,-.014925373,.09375,-.05172414,-.01923077,0,.070422538,-.027777778,-.15151516,-.043478262,-.16666667,-.22222222,.028169014,-.1,-.15789473,.09375,-.2173913,-.0625,.016666668,-.1632653,-.03846154,.05882353,-.065789476,-.036363635,.18461539,-.0625,.036144577,-.056603774,.063829787,0,.041666668,-.07692308,0,.05882353,.10526316,-.044776119,-.07692308,-.06122449,-.049180329,-.041666668,0,.04225352,.032020569,.086387418,.25,.0064174957,.02453663,1.60721,01apr2012
-.052631579,-.075000003,-.05172414,.050000001,.13513513,.021739131,.27027026,.045454547,.06779661,-.06666667,.02,0,.094594598,0,-.15625,-.045454547,-.12676056,-.13793103,0,-.059999999,-.10526316,.032786883,-.22727273,.02,0,-.051282052,.03846154,.061538462,-.039999999,-.037037037,.203125,-.02,.074074075,0,.04255319,0,.084507041,-.098039217,0,.070588239,.10810811,-.045454547,-.025641026,-.020833334,0,-.044444446,.05479452,.028985508,.033679396,.063051701,.55555558,.0060171778,-.026611617,1.6990499,01may2012
.24390244,-.095238097,-.070175439,.092307694,.11842106,.021739131,-.03846154,-.015873017,.13333334,-.098360658,.03773585,-.052631579,.056338027,-.028571429,-.12121212,-.046153847,-.16666667,-.17857143,.014925373,-.01923077,.030769231,.13432837,-.12244898,-.03846154,.049180329,-.07692308,.019607844,.078125,-.078947365,-.018181818,.15384616,-.040816326,.077922076,.0625,.086956523,-.016949153,.070422538,-.1,.055555556,.080459774,.071428575,-.081967212,-.050000001,-.06122449,-.034482758,-.022222223,-.057142857,.040540539,.030160332,.023224004,.55555558,.0070351954,.030481001,1.29348,01jun2012
.016666668,-.11363637,.016129032,.016129032,.092105262,-.020833334,.07692308,.046153847,.1147541,-.032258064,0,-.068965517,.067567565,0,-.15625,-.014492754,-.12987013,-.25,-.096774191,-.01923077,.175,.13846155,-.10416666,-.07692308,-.016949153,-.050000001,.01923077,.075757578,-.06329114,.034482758,.1641791,-.03846154,.089743592,0,.0625,-.016393442,.065789476,-.057692308,.012820513,.080459774,.086956523,-.030769231,-.051282052,.019607844,0,-.047619049,-.014285714,0,.02075702,.11894885,.60000002,.012065553,.06310349,1.3406301,01jul2012
-.1,-.073170729,-.10344828,.016949153,.13253012,0,.16129032,.015151516,.10606061,-.016393442,.02,-.084745765,.028169014,-.17142858,-.11764706,-.05882353,-.11392405,-.20588236,-.050000001,-.039215688,-.359375,.063492067,-.10869565,-.055555556,0,-.048780486,-.019607844,.072463766,-.050632913,-.017241379,0,0,.11392405,-.017241379,0,-.052631579,.027777778,-.13725491,-.042857144,.08139535,.11594203,-.06666667,-.081081077,-.018867925,0,0,-.013513514,.039999999,.01887575,.24899063,.80000001,.018649507,.13343713,1.27836,01aug2012
-.074074075,-.083333336,-.071428575,.017857144,.14473684,-.041666668,.064516127,.073529415,.092307694,.016393442,-.021276595,-.034482758,.081081077,.025641026,-.029411765,-.014084507,.13402061,-.10344828,.016666668,.057692308,-.32203391,.098360658,-.090909094,-.040816326,.018181818,.025,.02,.056338027,.035294119,0,.061538462,0,.11392405,-.047619049,.019607844,.01923077,.056338027,-.056603774,.028985508,.061728396,.074626863,.031746034,0,.019607844,.016393442,.02,.028169014,.028985508,.025899731,.2401022,.90909094,.022422224,.21465707,1.28771,01sep2012
-.057692308,-.12121212,.032786883,.018181818,.089552239,-.021739131,.12121212,0,.03125,-.09259259,-.04255319,-.055555556,.079999998,-.0625,-.1875,-.074626863,-.28767124,-.2173913,0,-.14893617,.18292683,.034482758,-.11627907,0,-.01923077,.023809524,.019607844,.03846154,-.06329114,-.10204082,.047619049,-.041666668,.065789476,-.07692308,-.043478262,-.020833334,0,0,-.073529415,.02631579,.047619049,-.017241379,-.03125,.017857144,.016393442,.020408163,.014084507,-.046153847,.031860791,.26392251,.80000001,.02234376,.11249433,1.20612,01oct2012
-.059999999,-.06666667,.016949153,.018181818,.089552239,-.039999999,.16666667,0,.027777778,-.096774191,-.12727273,-.018867925,0,-.090909094,-.088235296,-.029411765,-.13513513,-.1923077,0,-.043478262,0,.048387095,-.10638298,-.045454547,-.018181818,.024390243,.10714286,0,.0125,-.063829787,.016949153,0,.050632913,-.015384615,.059999999,-.022727273,-.026666667,.037037037,-.056338027,.013157895,.059701491,-.017241379,-.068965517,-.01923077,-.016666668,.021739131,-.07692308,-.031746034,.046169214,.22974603,.8888889,.017124852,.11949052,1.76129,01nov2012
-.039999999,-.1,-.05882353,.037037037,.056338027,-.0625,0,0,.024096385,-.047619049,-.059701491,.033333335,.012820513,-.028571429,-.14705883,-.10769231,-.12820514,-.23529412,-.10909091,-.065217391,-.037037037,.028985508,-.10204082,-.11627907,-.036363635,-.047619049,-.10869565,-.024390243,-.012195121,-.083333336,.016666668,-.050000001,.037974682,-.031746034,0,-.022222223,-.050000001,.055555556,0,.024096385,.024390243,-.05172414,-.068965517,-.088888891,-.033898305,0,-.03125,-.072463766,.061570115,.041152261,.85714287,.0084039196,.11821,1.7437,01dec2012
-.03773585,-.11764706,-.054545455,.03508772,.041666668,-.03846154,.037037037,.014925373,.016393442,-.068965517,-.074074075,.06779661,-.013513514,.057692308,-.15625,-.04109589,-.14492753,-.125,-.079999998,-.081632651,0,.13432837,-.06818182,-.020408163,-.055555556,0,-.083333336,-.015151516,.024691358,-.05882353,-.015625,-.03773585,.079999998,-.056603774,.046875,-.055555556,-.057142857,-.03846154,0,0,.090909094,-.048387095,-.029411765,-.018518519,0,-.045454547,0,-.043478262,.0085364655,-.016260121,.5714286,.0024906695,.12395618,1.64035,01jan2013
-.078431375,-.11111111,-.01754386,0,0,-.081632651,-.29166666,-.046153847,-.081967212,-.053571429,-.098039217,.017241379,-.013888889,.064935066,-.09375,-.057971016,-.13432837,-.16666667,0,-.11764706,.109375,.015873017,-.045454547,-.039215688,-.037037037,-.040816326,-.059999999,-.030769231,-.025974026,-.096153848,-.078125,-.039999999,.025641026,.018181818,.018181818,-.037037037,-.04225352,-.03846154,-.014084507,0,.060606062,-.09259259,-.05882353,-.059999999,-.031746034,-.041666668,-.028169014,-.057971016,-.001884482,.029639112,.099999957,.00093974592,.098370604,.99706,01feb2013
-.059999999,-.054054055,-.11320755,0,.040540539,-.020833334,-.086956523,.015151516,.015625,.017857144,-.041666668,.06666667,.04109589,0,-.096774191,-.015151516,-.140625,-.16666667,-.034482758,-.079999998,-.074074075,.092307694,-.022222223,.02,-.018181818,0,-.10416666,.014925373,-.026666667,-.018518519,-.031746034,0,.047619049,0,.040816326,-.036363635,.041666668,-.019607844,-.014925373,0,.05882353,-.089285716,-.057142857,-.041666668,-.016666668,0,0,0,-.0033214197,.030534364,.11111117,.001366753,.10242222,1.21667,01mar2013
-.039215688,-.11111111,0,.033898305,-.027027028,-.021739131,-.079999998,.014705882,-.032258064,-.054545455,-.083333336,.032786883,.013888889,-.05882353,-.1,-.029850746,-.18032786,-.22727273,-.059701491,-.041666668,-.036363635,.015384615,-.15000001,.039999999,-.016949153,-.020833334,.14754099,-.030303031,-.027027028,-.03773585,-.031746034,.020408163,.034883723,-.059999999,0,-.054545455,-.074626863,.037037037,-.061538462,-.011904762,-.04109589,-.046875,-.11428571,0,-.033898305,.020408163,-.028169014,-.075757578,-.0023938676,0,-.33333331,.0031362211,.12497725,.97600001,01apr2013
-.075471699,-.081081077,0,-.016949153,-.01369863,-.022222223,-.60869563,-.064516127,-.017241379,-.034482758,-.086956523,.06666667,-.01369863,.028571429,-.10344828,-.081967212,-.14516129,-.26086956,-.016129032,-.063829787,-.036363635,.046875,-.047619049,-.041666668,0,0,-.06122449,-.015625,-.041666668,-.03846154,-.032258064,-.063829787,.047058824,0,.020833334,-.017857144,-.028985508,-.040816326,-.045454547,-.024096385,-.04225352,-.064516127,-.083333336,-.043478262,-.034482758,.04255319,-.042857144,-.045454547,.0024309494,.061538424,-1.2500001,.0070512313,.19648135,1.24868,01may2013
-.3898305,-.07692308,-.055555556,-.065573767,-.04109589,-.045454547,-.18181819,-.032786883,-.090909094,-.033898305,-.081632651,.080645159,-.014285714,-.029411765,-.13793103,-.083333336,-.14285715,-.2173913,-.080645159,-.083333336,-.10169491,-.080645159,-.065217391,-.019607844,-.05172414,-.054054055,-.040816326,-.015873017,-.04109589,-.018518519,-.031746034,-.020833334,.037500001,-.043478262,.021276595,-.03508772,.013888889,-.063829787,-.05882353,-.048192769,-.12903225,-.070175439,-.11111111,-.065217391,-.035714287,-.022727273,-.07692308,-.057142857,.0018675261,.12960762,-.80000007,.010810466,.15197848,1.3962801,01jun2013
-.090909094,-.073170729,-.12727273,.03125,0,0,.16129032,-.048387095,-.089285716,0,-.086956523,.079365082,-.04225352,0,-.10344828,-.11290322,-.22222222,-.16666667,.046153847,-.039999999,-.33333334,-.031746034,-.043478262,.037037037,.016666668,-.025641026,-.019607844,-.064516127,-.053333335,-.035714287,-.080645159,-.039999999,0,-.019607844,.020408163,0,-.04109589,-.019607844,-.11428571,-.023529412,-.078125,-.048387095,-.083333336,-.0625,-.05172414,.045454547,0,-.085714288,.0059214639,.15041122,-1.5000001,.011155784,.181767,1.2738301,01jul2013
-.090909094,-.078947365,-.035714287,.016666668,-.037500001,-.020408163,-.29166666,-.03125,-.047619049,.031746034,-.21951219,.063492067,-.014285714,.16666667,-.13333334,-.079365082,-.234375,-.13333334,.047619049,-.040816326,-.14285715,-.016129032,-.045454547,-.018867925,0,-.078947365,-.02,-.078125,-.053333335,-.01754386,-.083333336,-.06122449,-.053333335,.12121212,-.02,0,.01369863,-.0625,-.014492754,-.036144577,-.078125,-.034482758,-.088235296,-.081632651,-.05172414,.043478262,-.027777778,-.10294118,.010688134,.095006034,-1.5000001,.006691711,.13863696,1.5023,01aug2013
-.05882353,-.090909094,-.056603774,0,-.085714288,-.06666667,-.34782609,-.079365082,-.12068965,-.05172414,-.14634146,.016949153,-.13846155,-.054054055,-.13333334,-.12698413,-.42647058,-.16,-.016949153,-.15555556,-.07272727,-.033898305,0,-.020833334,-.03773585,-.052631579,-.086956523,-.092307694,-.13333334,-.05882353,-.18181819,-.02,-.053333335,-.050000001,-.02,-.039999999,-.075757578,-.12765957,-.078125,-.051948052,-.15517241,-.10526316,-.096774191,.01923077,-.089285716,-.063829787,-.044117648,-.11290322,.0089504085,-.010322619,-4.5,-.00026490749,.14324878,1.5816801,01sep2013
-.06122449,-.064516127,-.1509434,.03508772,.014705882,-.022222223,-.5,-.047619049,-.049180329,0,-.11904762,.018181818,-.19047619,0,-.10344828,.014705882,-.23728813,-.045454547,-.03773585,-.11904762,-.4909091,.049180329,0,0,0,-.024390243,-.08510638,-.098591551,-.12857144,0,-.21153846,.020408163,0,.029850746,.06122449,-.043478262,-.061538462,-.125,-.030303031,-.04109589,-.086206898,-.074074075,-.10344828,.125,-.089285716,-.020833334,-.014285714,-.065573767,-.00054076419,-.12841532,-.99999994,-.0049060481,.19605589,1.8338799,01oct2013
-.086956523,-.071428575,-.15686275,.03508772,.014705882,-.020408163,-.42857143,-.033333335,-.028571429,.015873017,-.12244898,.070175439,-.074626863,.057142857,-.096774191,-.13333334,-.25423729,-.18181819,-.03773585,-.095238097,-.28301886,-.016393442,-.044444446,0,-.018518519,-.051282052,-.27272728,-.042857144,-.12676056,0,-.18000001,-.034482758,0,-.031746034,.03846154,0,0,-.25581396,-.109375,-.027027028,-.11666667,-.054545455,-.074074075,.054545455,-.090909094,-.045454547,-.015625,-.032786883,-.011195527,-.10119839,-.28571433,-.0030275485,.21576466,1.87624,01nov2013
-.063829787,-.071428575,-.02,-.018867925,-.028985508,-.021276595,0,-.052631579,0,-.032786883,-.13559322,-.052631579,-.11428571,.054054055,-.096774191,-.10169491,-.27868852,-.13333334,0,-.12195122,.018181818,0,-.065217391,.022727273,-.057692308,.023255814,0,-.025,-.15492958,.020408163,-.25,0,-.025974026,.030769231,0,-.071428575,-.038961038,-.25581396,-.04109589,-.092105262,-.12328767,-.074074075,-.11538462,.16666667,-.09259259,-.024390243,-.049180329,-.095238097,-.033343907,.11636361,0,.0033552207,.22840253,1.90163,01dec2013
-.10416666,-.096774191,-.018518519,-.055555556,-.043478262,-.10638298,-.125,-.098360658,-.033898305,-.054545455,-.17391305,-.053571429,-.10447761,.17460318,-.10344828,-.073529415,-.27777779,-.18518518,-.020408163,-.13953489,-.01754386,-.098360658,-.1,-.020833334,-.018867925,-.041666668,-.021276595,-.064516127,-.24615385,-.040816326,-.28,-.01923077,-.086956523,-.081632651,-.14285715,-.05882353,-.014492754,-.20930232,-.043478262,-.14285715,-.24528302,-.068965517,-.1724138,.068965517,-.16363636,-.047619049,-.074626863,-.13114753,.023415823,.091132931,-.75000006,.0063556838,.15958801,1.27293,01jan2014
-.02,-.125,-.075471699,-.018518519,-.04225352,-.020833334,0,-.031746034,.016129032,-.037037037,-.0625,-.035714287,-.074626863,-.97435898,-.10344828,-.095238097,-.24074075,-.090909094,-.12244898,-.08510638,.030303031,-.032786883,-.15789473,0,-.079999998,-.065217391,-.063829787,-.031746034,-.14925373,-.019607844,-.23076923,-.041666668,-.083333336,-.078431375,-.12244898,-.079999998,-.044117648,-.23809524,-.092307694,-.075000003,-.2,-.018867925,-.1724138,.074074075,-.16666667,-.043478262,-.059701491,-.095238097,.034396585,.049019609,-.99999994,.0060235532,.18541498,1.74674,01feb2014
-.041666668,-.088235296,0,-.036363635,-.04225352,-.043478262,0,-.064516127,-.06666667,-.07692308,-.021276595,-.11111111,-.073529415,.32727271,-.068965517,-.064516127,-.23076923,-.090909094,-.054545455,-.11111111,.035714287,-.031746034,-.15384616,-.020408163,-.057692308,-.04255319,-.021276595,-.098360658,-.15384616,-.018867925,-.25999999,-.04255319,-.037037037,-.09259259,-.13953489,-.03773585,-.074626863,-.15909091,0,-.049382716,-.13333334,-.056603774,-.12903225,.15789473,-.11111111,-.045454547,-.075757578,-.109375,.037797458,.017500024,-.80000007,.0046808221,.16190974,2.19175,01mar2014
0,-.05882353,-.11111111,-.03508772,-.01369863,-.045454547,0,-.0625,-.033333335,0,-.090909094,-.12962963,-.10769231,-.096774191,0,-.063492067,-.19607843,-.047619049,-.098360658,-.090909094,0,-.031746034,-.081081077,-.041666668,-.07272727,-.021276595,-.27083334,-.047619049,-.12121212,-.01923077,-.23529412,-.065217391,-.036144577,.056603774,-.093023255,-.03773585,0,-.31707317,.015151516,-.07692308,-.17741935,-.032258064,-.09375,.02,-.053571429,0,-.028985508,-.047619049,.035016805,.091557622,-1,.0032922111,.15201046,2.6249399,01apr2014
-.081632651,-.12121212,-.094339624,-.03508772,-.028169014,-.071428575,0,-.068965517,-.11538462,-.054545455,-.12195122,-.2,-.12307692,-.12903225,-.074074075,-.10909091,-.23999999,-.045454547,-.12727273,-.14634146,-.03773585,-.06666667,-.2,-.06666667,-.034482758,-.11428571,-.04255319,-.12280702,-.18032786,-.06122449,-.31914893,-.044444446,-.075949363,-.06818182,-.14285715,-.07692308,-.095238097,-.16666667,-.1,-.12162162,-.18333334,-.033333335,-.090909094,-.022222223,-.11538462,-.093023255,-.060606062,-.081967212,.031772185,-.031746008,-.33333334,-.00021343053,.15223253,2.5842299,01may2014
-.20408164,-.083333336,-.05882353,-.05172414,-.013888889,-.047619049,0,-.089285716,-.12244898,-.07272727,-.088888891,-.21568628,-.12903225,-.096774191,-.11538462,-.17647059,-.18867925,.041666668,-.12727273,-.2,-.09259259,-.033333335,-.15000001,-.08510638,-.01754386,-.027777778,-.065217391,-.14545454,-.15873016,-.079999998,-.34042552,-.06666667,-.09589041,-.095238097,-.175,-.075471699,-.16129032,-.14634146,-.15254237,-.10666667,-.10714286,-.036363635,-.028571429,0,-.14285715,-.023255814,.015151516,-.18644068,.034808435,-.019393915,-.25000006,-.0022198274,.18056555,3.0577099,01jun2014
-.1,-.10810811,-.057692308,-.10344828,-.070422538,-.11627907,-.40909091,-.068965517,-.098039217,-.016393442,-.045454547,-.18867925,-.059701491,-.22580644,-.11538462,-.1923077,-.21153846,0,-.16071428,-.1627907,-.016949153,-.032786883,-.21052632,-.17391305,-.11111111,-.054054055,-.08510638,-.10714286,-.22950819,-.037037037,-.31914893,-.063829787,-.098591551,-.13333334,-.16666667,-.10909091,-.12307692,-.21428572,-.11111111,-.13333334,-.20754717,-.050847456,-.028571429,0,-.13725491,-.047619049,-.060606062,-.12903225,.040473007,-.040342234,-.33333334,-.0019258711,.12686788,3.1400299,01jul2014
-.1,-.11764706,-.098039217,-.090909094,-.12676056,-.065217391,-.2,-.084745765,-.125,-.032786883,.046511628,-.25999999,-.11111111,-.07692308,-.071428575,-.23529412,-.16363636,-.11111111,-.10526316,-.13953489,-.018181818,-.068965517,-.22222222,-.12765957,-.094339624,-.027027028,-.086956523,-.10344828,-.171875,-.11764706,-.27659574,-.020833334,-.10294118,-.34693879,-.13636364,-.11764706,-.12307692,-.17073171,-.014705882,-.12162162,-.18518518,-.094339624,-.030303031,-.04255319,-.13725491,-.095238097,-.14285715,-.096774191,.043830898,.0048485091,-.33333334,.0018176755,.18488847,3.73599,01aug2014
-.10869565,-.1,-.01923077,-.037037037,-.07692308,-.046511628,-.045454547,-.050000001,-.11538462,-.074074075,-.025,-.22916667,-.048387095,-.27586207,-.034482758,-.18867925,.10526316,-.086956523,-.11320755,-.125,-.018518519,-.07272727,-.29411766,-.043478262,-.039215688,-.027027028,-.022222223,-.083333336,-.056338027,-.02,-.22222222,-.11111111,-.086956523,-.071428575,-.11111111,-.063829787,-.081967212,-.11904762,-.12280702,-.13235295,-.074074075,-.036363635,-.068965517,-.06122449,-.07692308,-.044444446,.014492754,-.087719299,.043237396,.083924331,0,.0076322355,.1474124,3.5134301,01sep2014
-.04255319,-.10714286,-.039215688,-.055555556,-.014925373,-.046511628,0,-.016129032,-.12962963,-.05882353,-.050000001,-.17021276,-.032786883,-.06666667,-.035714287,-.28301886,-.053571429,0,-.039215688,-.024390243,-.018518519,-.016666668,-.30303031,-.13953489,-.06122449,-.051282052,-.021739131,-.075757578,-.07692308,-.020833334,-.18181819,-.088888891,-.085714288,-.098360658,-.13953489,-.069767445,-.015625,-.17073171,-.047619049,-.089552239,-.074074075,-.018867925,-.035714287,-.20754717,-.07692308,-.090909094,-.044776119,-.070175439,.049355291,.15765253,-1.5,.012793034,.12958549,3.79409,01oct2014
-.045454547,-.12,-.08510638,-.096153848,-.096774191,-.088888891,0,-.11111111,-.09375,-.10526316,-.088888891,-.21276596,-.080645159,-.16666667,-.10714286,-.25,-.09259259,-.1,-.12765957,-.10526316,-.059999999,-.070175439,-.21621622,-.12820514,-.079999998,-.02631579,0,-.09375,-.18333334,-.06818182,-.25,-.094339624,-.14492753,-.06779661,-.13043478,-.1,-.11940298,-.1025641,-.049180329,-.13846155,-.090909094,-.1,-.079999998,-.1,-.14583333,-.073170729,-.10344828,-.10909091,.050193492,.15427934,-2.5,.015237982,.12659849,3.6346099,01nov2014
-.11904762,-.07692308,-.063829787,-.10416666,-.095238097,-.093023255,-.33333334,-.075471699,-.20289855,-.033898305,-.03508772,-.1632653,-.029411765,-.23333333,-.10714286,-.22916667,-.089285716,-.15384616,-.22222222,-.078947365,-.1,-.078125,-.15000001,-.12820514,-.083333336,-.048780486,.021276595,-.1594203,-.16393442,-.088888891,-.2,-.11111111,-.11594203,-.2264151,-.11111111,-.07692308,-.13235295,-.13157895,-.140625,-.10144927,-.12307692,-.079999998,-.039999999,-.079999998,-.079999998,-.078947365,-.05172414,-.125,.052715972,.11858972,-1.3333334,.016037311,.10225844,3.8501401,01dec2014
-.090909094,-.10714286,-.10204082,-.125,-.078125,-.093023255,-.2,-.070175439,-.18000001,-.057692308,-.045454547,-.27272728,0,-.57499999,-.16,-.41666666,-.10204082,-.125,-.19512194,-.13157895,-.11764706,-.070175439,-.17647059,-.14285715,-.17777778,-.090909094,-.021739131,-.12727273,-.16071428,-.065217391,-.13636364,-.15555556,-.061538462,-.11363637,-.16666667,-.08510638,-.11290322,-.1025641,-.13114753,-.069444448,-.10416666,-.094339624,0,-.11538462,-.1,-.07692308,-.13559322,-.12962963,.054609694,.1722732,-.33333334,.016883999,.1064667,4.4538798,01jan2015
-.11111111,-.06666667,-.081632651,-.05882353,-.059701491,-.090909094,-.14285715,-.125,-.1923077,-.125,-.043478262,-.2173913,-.098360658,.37096775,-.11538462,-.3125,-.10204082,-.15789473,-.11363637,-.175,-.24528302,-.05172414,-.15151516,-.10869565,-.020408163,-.022222223,0,-.086206898,-.19642857,-.10869565,-.18181819,-.11627907,.2,-.08510638,-.11363637,-.063829787,-.096774191,-.07692308,-.083333336,-.11111111,-.057692308,-.081632651,.14705883,-.03846154,-.05882353,-.069767445,-.098360658,-.086206898,.051254667,.14465412,-1.5,.016218668,.11644096,4.1800098,01feb2015
-.14285715,-.1724138,-.081632651,-.078431375,-.075757578,-.12195122,-.21052632,-.12727273,-.22448979,-.083333336,-.175,-.25581396,-.1147541,-.83333331,-.16,-.31914893,-.10638298,-.15789473,-.25,-.18421052,-.16666667,-.086206898,-.25806451,-.16666667,-.10638298,-.06818182,-.093023255,-.10909091,-.2037037,-.12765957,-.1627907,-.11904762,-.0125,-.10204082,-.1025641,-.12765957,-.15517241,-.15789473,-.19642857,-.19117647,-.11111111,-.059999999,-.068965517,-.23913044,-.14893617,-.073170729,-.081967212,-.18518518,.044572979,.13978495,-.66666675,.014971918,.094564945,4.1318898,01mar2015
-.15909091,-.1724138,-.079999998,-.11764706,-.140625,-.1891892,-.19047619,-.14285715,-.25,-.1,-.15789473,-.2857143,-.065573767,-.10714286,-.2,-.3125,-.10869565,-.23529412,-.089285716,-.1891892,-.078431375,-.10526316,-.19354838,-.17073171,-.12244898,-.06818182,-.14285715,-.21153846,-.22222222,-.13043478,-.18604651,-.12195122,-.10666667,-.26190478,-.13157895,-.10416666,-.1754386,-.10810811,-.17857143,-.18181819,0,-.12727273,-.06666667,-.13636364,-.14285715,-.13953489,-.15000001,-.16666667,.047967989,.12304488,-.49999994,.013726143,.096647821,4.05439,01apr2015
-.16666667,-.13793103,-.10416666,-.14,-.12698413,-.2,-.21052632,-.11538462,-.15555556,-.1,-.17142858,-.21951219,-.10169491,-.1923077,-.22727273,-.27906978,-.1627907,-.29411766,-.17021276,-.1388889,-.17777778,-.11111111,-.20689656,-.21621622,-.18367347,-.060606062,-.175,-.1632653,-.22,-.088888891,-.14634146,-.15384616,-.12857144,-.073170729,-.10526316,-.15555556,-.14545454,-.27272728,-.11111111,-.17460318,-.052631579,-.17647059,-.17857143,-.15384616,-.18181819,-.1025641,-.13793103,-.1509434,.049084701,.0970231,-.49999994,.013083246,.087226383,4.1731601,01may2015
-.088888891,-.16129032,-.0625,-.11538462,-.10769231,-.16666667,-.15789473,-.07692308,-.13953489,-.057692308,-.15384616,-.18604651,-.033333335,-.23999999,-.13043478,-.18604651,-.20454545,-.33333334,-.14583333,-.14285715,0,-.090909094,-.25,-.093023255,-.1875,-.05882353,-.15000001,-.14583333,-.2857143,-.086956523,-.14634146,-.125,-.15873016,-.13513513,-.081081077,-.10416666,-.10714286,-.28125,-.11320755,-.15384616,-.12,-.078431375,-.20689656,-.069767445,-.088888891,-.13157895,-.1,-.09259259,.04725508,.14151923,-.99999994,.013479033,.049866509,3.8168199,01jun2015
-.11111111,-.12121212,-.083333336,-.094339624,-.075757578,-.1025641,-.22222222,-.11538462,-.15909091,-.10909091,-.15789473,-.23255815,-.11666667,-.14814815,-.18181819,-.15555556,-.23809524,-.33333334,-.14285715,-.19444445,-.11320755,-.089285716,-.26666668,-.095238097,-.05882353,-.088235296,-.14634146,-.14285715,-.29787233,-.14893617,-.11904762,-.06818182,-.16393442,-.125,-.13513513,-.1,-.10169491,-.3548387,-.16666667,-.13636364,-.081632651,-.13461539,-.25,-.090909094,-.10869565,-.13513513,-.13793103,-.050847456,.045747839,.12137482,0,.012449798,.082311437,3.88817,01jul2015
-.13636364,-.096774191,-.08510638,-.078431375,-.092307694,-.17948718,-.052631579,-.15686275,-.12,-.1509434,-.19444445,-.11111111,-.086206898,-.39285713,-.2173913,-.15909091,-.30952382,-.22727273,-.14,-.16216215,-.078431375,-.074074075,-.2,-.06818182,-.081632651,-.027777778,-.069767445,-.13725491,-.33333334,-.0625,-.14634146,-.14285715,-.13333334,-.13953489,-.1,-.08510638,-.14035088,-.32258064,-.23636363,-.17460318,-.018867925,-.039215688,-.17857143,-.093023255,-.13333334,-.10526316,-.086206898,-.10714286,.043444738,.10228511,.5714286,.0096743526,-.015814936,3.4537599,01aug2015
-.15000001,-.11111111,-.13043478,-.125,-.083333336,-.1025641,-.047619049,-.15384616,-.10638298,-.05882353,-.21212122,-.17073171,-.050847456,0,-.20833333,-.15217391,-.76744187,-.27777779,-.23255815,-.21212122,-.10204082,-.03773585,-.1724138,-.17948718,-.15909091,-.12121212,-.125,-.17647059,-.39215687,-.13636364,-.21621622,-.125,-.16949153,-.16666667,-.125,-.11904762,-.10909091,-.3548387,-.11764706,-.096774191,-.018867925,-.057692308,-.16,-.16666667,-.13043478,-.097560972,-.16949153,-.096153848,.042090774,.029816503,0,.0059902798,-.027218325,3.50723,01sep2015
-.175,-.037037037,-.08510638,-.14893617,-.13559322,-.13157895,0,-.14814815,-.018867925,-.0625,-.21212122,-.14634146,-.05172414,-.15384616,-.16666667,-.15217391,-.36585367,-.375,.089285716,-.28125,-.10204082,-.052631579,-.13793103,-.13157895,-.11363637,-.11428571,-.15000001,-.11864407,-.32653061,-.11627907,-.25714287,-.125,-.12903225,-.070175439,-.075000003,-.075000003,-.10344828,-.32258064,-.086206898,-.098360658,-.05882353,-.10416666,-.2173913,-.15217391,-.10638298,-.073170729,-.098360658,-.096153848,.039095212,.034444422,0,.0034380455,.02948508,3.1087999,01oct2015
-.023255814,-.041666668,-.06818182,-.06122449,-.068965517,-.071428575,-.050000001,-.05882353,-.06666667,-.075471699,-.046511628,-.175,.046153847,-.2,-.2173913,-.090909094,-.25581396,-.11111111,-.11904762,-.22580644,-.041666668,.017241379,-.12121212,-.083333336,-.041666668,-.085714288,-.1891892,-.12280702,-.25,-.073170729,-.17647059,-.059999999,-.078125,-.11320755,-.069767445,-.11111111,-.063492067,-.21875,-.089285716,-.083333336,-.057692308,-.020408163,-.041666668,-.063829787,-.090909094,-.078947365,-.054545455,-.1,.0328722,.027382255,.83333331,.0011015813,.0061765714,2.9929199,01nov2015
-.10526316,-.083333336,-.06818182,-.06666667,0,-.048780486,-.05882353,-.039215688,-.045454547,-.053571429,-.11764706,-.19512194,-.046153847,-.11111111,-.16666667,-.090909094,-.24444444,-.13043478,-.046511628,-.1875,-.063829787,.030303031,-.17647059,-.054054055,-.021276595,-.10810811,-.14634146,-.061538462,-.19607843,-.097560972,-.21212122,-.10204082,-.095238097,-.059999999,-.046511628,-.02631579,-.030303031,-.1875,.072463766,-.029850746,-.083333336,-.041666668,-.041666668,-.086956523,-.086956523,-.027027028,-.074074075,-.018181818,.029506311,-.010799136,.86956525,-.0017984288,-.0073191975,2.94715,01dec2015
.12,.22222222,.125,.25,.23809524,.21818182,.16666667,.12307692,.2647059,.23529412,.10204082,.12,.16249999,.21568628,.074074075,.1724138,-.04255319,0,.14583333,.13636364,.13559322,.25,.12820514,.14285715,.23728813,.043478262,.079999998,.16666667,-.056603774,.17857143,-.023255814,.21052632,.10958904,.29032257,.18644068,.22950819,.20512821,-.14705883,.19736843,.15294118,.29411766,.15873016,.12121212,.071428575,.056603774,.1875,.18055555,.29870129,.022999283,-.066304326,.88461536,-.0042653778,-.028218159,2.6243701,01jan2016
.1509434,.21052632,.16949153,.203125,.22988506,.2,.16,.2,.26760563,.25,-.095238097,.11538462,.18666667,.17333333,.037037037,.2,-.04255319,.095238097,.16981132,.16666667,.15873016,.22666667,.083333336,.16363636,.18333334,.04255319,.096153848,.1594203,-.037037037,.23333333,.083333336,.21818182,-.11111111,.29850745,.2,.25396827,.19480519,-.11428571,.11764706,.19101124,.26760563,.20967741,.10526316,.037037037,.10526316,.17307693,.19736843,.27500001,.020311533,-.040349022,.93548387,-.0046557463,-.089156054,3.1004901,01feb2016
.22222222,.29268292,.15517241,.22727273,.25842696,.21153846,.23999999,.21428572,.28985506,.28358209,.047619049,.18867925,.21794872,.1891892,.074074075,.18965517,.040816326,.050000001,.13725491,.17391305,.18644068,.25641027,.1388889,.17647059,.24193548,.083333336,.15686275,.19117647,.035714287,.22950819,.065217391,.1923077,.10112359,.30000001,.25,.265625,.27500001,-.085714288,.13846155,.22727273,.30769232,.21875,.27500001,.11538462,.1754386,.21153846,.20779221,.34146342,.022838186,-.021978023,.89655173,-.0041004927,-.0039567617,2.5060699,01mar2016
.2,.25641027,.16666667,.27142859,.31914893,.3018868,.1923077,.1884058,.28358209,.25373134,.17391305,.20754717,.25609756,.17647059,.074074075,.18644068,.021276595,.15000001,.1884058,.15909091,.15000001,.2962963,.1388889,.19607843,.25757575,.083333336,.20754717,.24637681,.018181818,.24590164,.044444446,.24074075,.21052632,.34375,.28301886,.26153848,.25974026,-.088235296,.125,.25,.25301206,.20289855,.1891892,.10204082,.14035088,.21818182,.23076923,.35714287,.016368443,-.077528112,.9130435,-.0033447277,-.0097855031,2.72892,01apr2016
.25,.25641027,.18644068,.25373134,.28409091,.32692307,.13636364,.2,.296875,.33333334,.23913044,.2264151,.26249999,.23529412,.15384616,.21818182,.065217391,.15000001,.265625,.1627907,.21052632,.33333334,.19444445,.3018868,.27941176,.13157895,.23076923,.26865673,.056603774,.23728813,.023809524,.29090908,.20454545,.32786885,.28301886,.30769232,.3125,.029411765,.16923077,.29213482,.27848101,.26086956,.2631579,.15217391,.16981132,.22,.20547946,.36904761,.012297684,.042238649,.92592591,-.0013509862,-.0049786116,2.60145,01may2016
.19642857,.27906978,.18644068,.26760563,.26136363,.29411766,.17391305,.2,.30645162,.2972973,.22,.15686275,.25925925,.24242425,.11538462,.21818182,.043478262,.14285715,.28358209,.22222222,.15625,.2857143,.11111111,.2037037,.27272728,.17073171,.24528302,.25,.09259259,.22033899,.088888891,.24528302,.25,.38333333,.24489796,.28358209,.29113925,.085714288,.171875,.25287357,.31506848,.25,.29268292,.10416666,.16666667,.19148937,.2,.37209302,.010417121,-.027807465,.92592591,-.0017059896,.017033055,2.9124801,01jun2016
.23728813,.29787233,.2,.2739726,.29032257,.29090908,.2173913,.21212122,.32307693,.32098764,.17391305,.23214285,.2857143,.27027026,.15384616,.19642857,.1923077,.2173913,.24615385,.2173913,.28378379,.30000001,.1891892,.25,.25,.12820514,.25454545,.26865673,.16071428,.25396827,.125,.21428572,.29069766,.375,.28846154,.2857143,.31395349,.1388889,.2173913,.27472529,.31944445,.26760563,.33333334,.063829787,.16363636,.19565217,.22666667,.37894738,.011215384,-.034444422,.90000004,-.0020228755,.032094222,2.65167,01jul2016
.25423729,.26190478,.18965517,.28169015,.2857143,.30357143,.17391305,.26086956,.27536231,.3116883,.1627907,.16666667,.28395063,.24324325,.11538462,.26666668,.1923077,.21428572,.12280702,.21276596,.25,.31645569,.14285715,.24137931,.27941176,.12195122,.2037037,.25,.1724138,.25,.12765957,.2631579,.2682927,.40277779,.25925925,.29850745,.28749999,.16216215,.15384616,.29213482,.2739726,.23880596,.2631579,.17307693,.18181819,.23999999,.29268292,.35632184,.0090385703,-.023385288,.76666665,-.0012032376,.091558948,2.59129,01aug2016
.25925925,.30769232,.24590164,.28358209,.30232558,.29090908,.125,.25714287,.31884059,.3108108,.25,.26785713,.28915662,.21621622,.14285715,.23333333,.328125,.2173913,.27118644,.23255815,.234375,.3116883,.14705883,.29090908,.3125,.19512194,.32203391,.29166666,.17741935,.29032257,.15909091,.2857143,.30588236,.38461539,.29824561,.28813559,.32098764,.11428571,.203125,.26190478,.30263159,.23529412,.2647059,.16,.20689656,.24074075,.27160493,.37349397,.010161599,.043859649,.93103451,.00028891111,.11448759,2.83394,01sep2016
.2857143,.30769232,.20338982,.28787878,.30588236,.2962963,0,.20588236,.2739726,.32394367,.26666668,.24074075,.29268292,.1875,.14285715,.22033899,.19607843,.2,.17647059,.21951219,.31944445,.30487806,.14705883,.26923078,.30158731,.16666667,.25925925,.28915662,.125,.27118644,.16666667,.27272728,.27906978,.34482759,.2857143,.29824561,.29268292,.11428571,.1594203,.27380952,.31999999,.27272728,.30303031,.13207547,.12962963,.2264151,.18666667,.36585367,.01084081,-.032110129,.93939394,.00075756898,.022006821,2.7254601,01oct2016
.17307693,.29411766,.22807017,.27941176,.27500001,.30000001,.16666667,.21538462,.27710843,.32911393,.23214285,.25925925,.25287357,.2647059,.17857143,.25423729,.15686275,.1,.1923077,.24390244,.1724138,.30120483,.083333336,.25,.27272728,.125,.28846154,.28749999,.11111111,.26785713,.20930232,.2647059,.24705882,.41111112,.28333333,.32075471,.26744187,.11111111,.13846155,.25,.30666667,.27941176,.2,.1754386,.18518518,.22448979,.22535211,.375,.015140714,.026652452,.73333335,.0028399026,.053847399,2.76139,01nov2016
.28301886,.29411766,.25423729,.3283582,.25882354,.28070176,.22727273,.21538462,.34,.3488372,.16393442,.26785713,.33673468,.22857143,.1724138,.22807017,.16666667,.17857143,.17307693,.21951219,.22950819,.32653061,.17073171,.27450982,.28787878,.17777778,.26785713,.2857143,.12068965,.29310346,.25,.28985506,.25882354,.40476191,.328125,.28301886,.3125,.030303031,.092105262,.25555557,.30232558,.29411766,.2,.14814815,.19298245,.21276596,.23943663,.375,.014529163,.057026468,.54901958,.0051794308,.087050021,2.81305,01dec2016
.12280702,.07692308,.11111111,.05882353,0,.05172414,.1724138,.084507041,.014492754,.081081077,-.020833334,.056603774,.080459774,-.02,.035714287,.09375,.059999999,.039999999,0,.022222223,.15714286,.095238097,-.083333336,.125,.10606061,.079999998,.074074075,.043478262,.053571429,.034482758,.08510638,.050000001,.1097561,.046153847,.078125,.016129032,.082352944,.081081077,-.085714288,.076086953,.014492754,.11267605,-.03125,.06666667,.086206898,.020408163,.1,.083333336,.016534669,.065989845,.49019608,.0064903577,.14859562,2.8340299,01jan2017
.018518519,.025641026,.092307694,.044776119,.011363637,.06779661,.074074075,.04109589,-.014285714,.12328767,.125,.054545455,.074074075,.013157895,.035714287,.032258064,.040816326,-.050000001,.018518519,-.043478262,.030769231,.12790698,-.028571429,.017857144,.0625,.078431375,0,.014285714,0,.016393442,-.06666667,.017857144,.058139537,-.046875,.083333336,-.016129032,.094117649,.027777778,-.014925373,.021978023,0,.074626863,-.11764706,0,.017241379,.037037037,.061728396,.10112359,.020300856,.047767453,.40384614,.0067341132,.1825193,2.0330999,01feb2017
.084745765,.046511628,.079365082,.09589041,0,.10344828,0,.014084507,.028169014,.069444448,.10638298,.070175439,.093023255,.02631579,.068965517,.033333335,.02,0,.19047619,0,.25316456,.093023255,.027027028,.12068965,.074626863,.07692308,.07272727,.014492754,-.037037037,.061538462,-.022222223,.087719299,.043010753,.027777778,.10344828,.030303031,.047619049,0,.071428575,.043478262,-.02631579,.030303031,-.14285715,.037037037,.065573767,.087719299,.049382716,.088888891,.023503331,.06088753,.6081081,.0068270178,.12823357,2.9594901,01mar2017
.03508772,.048780486,.032258064,.054054055,-.044444446,.036363635,-.039999999,.041666668,.069444448,.17283951,-.069767445,.10169491,.18000001,0,.035714287,0,.020833334,0,.041666668,0,.13043478,.058139537,-.090909094,.07272727,.070422538,.05882353,.018518519,.028169014,-.018518519,.016129032,-.022727273,.084745765,.050000001,.11111111,.070175439,.015151516,.14444445,-.030303031,.015384615,.043478262,.056818184,.1038961,-.088235296,-.020833334,0,.017857144,.012658228,.07692308,.022871228,.082474224,.71249998,.0062277368,.13375556,2.5808799,01apr2017
.050847456,.071428575,.063492067,.094594598,.043478262,.054545455,.15384616,.084507041,.044776119,.0625,-.12195122,.10169491,.10112359,.028571429,.037037037,.06779661,.06122449,.047619049,-.015873017,.022727273,.13636364,.024096385,-.125,.086206898,.093333334,.095238097,.037037037,.056338027,0,.032786883,.06666667,.098360658,.092783503,.075757578,.086206898,.015151516,.069767445,0,.029850746,.032608695,.05952381,.092105262,-.11764706,.098039217,.070175439,.10714286,.087499999,.086956523,.027052304,.024716798,.69662923,.0043409844,.13054565,2.53304,01may2017
.081967212,.08510638,.092307694,.10126583,.063829787,.055555556,.17857143,.044117648,.060606062,.16853933,-.11111111,.16393442,.1,.057142857,.037037037,.06779661,.079999998,0,-.015151516,.021739131,.098591551,.094117649,-.090909094,.1147541,.10810811,0,.10169491,.044776119,-.018867925,.078125,.021739131,.11666667,.086956523,.07692308,.16949153,.028985508,.10227273,-.029411765,-.015873017,.064516127,.013513514,.081081077,-.078947365,.05882353,.068965517,.096153848,.074074075,.11340206,.026798392,.015789473,.72448981,.0035256902,.13392279,2.2973299,01jun2017
.063492067,0,.047619049,.098765433,.07,.03508772,.079999998,.057142857,.029850746,.12903225,0,.11111111,.045454547,0,-.039999999,.01754386,-.06122449,-.045454547,-.031746034,0,.013333334,.090909094,-.12121212,.06666667,.093333334,.071428575,.05172414,.014705882,-.098039217,.015625,-.06666667,.081967212,.011494253,.072463766,.10344828,.014084507,.08510638,-.090909094,-.045454547,.042105265,-.014084507,.10126583,-.16666667,.059999999,.017857144,.098039217,.050632913,.050000001,.027152047,.036402591,.71962619,.0045611672,.12010683,2.41026,01jul2017
0,.045454547,.079365082,.053333335,.042105265,.034482758,.11538462,.028169014,.05479452,.15384616,.044444446,.1147541,.058139537,-.027777778,.071428575,.016393442,-.06122449,-.07692308,.080645159,-.021739131,.04225352,.048192769,-.060606062,.033333335,0,.06818182,.084745765,.055555556,-.054545455,.015384615,-.06818182,.050000001,.046511628,.039999999,.084745765,0,.069767445,-.057142857,-.015625,.011111111,.026666667,.069444448,-.055555556,.018867925,.083333336,0,.035294119,.074468084,.028445892,.072314046,.70297027,.0065359608,.12165958,2.29229,01aug2017
.15625,.025,.20779221,.11842106,.033707865,.017857144,-.043478262,0,.014285714,.13953489,-.047619049,.06666667,.034883723,.051282052,0,.032258064,-.084745765,-.045454547,0,.044444446,.36000001,.072289154,-.030303031,.083333336,.072463766,.023809524,.27160493,0,-.068965517,.015873017,-.023255814,.06666667,.011627907,.025,.033898305,.032786883,.058139537,-.060606062,-.032258064,.023255814,.025641026,.093333334,-.030303031,.019607844,0,-.018867925,-.0125,.067415729,.027124826,.041009475,.71844661,.0078941956,.13935685,2.3885601,01sep2017
.01754386,.25,.063492067,.09589041,.011627907,.068965517,.12,.055555556,0,.089743592,-.071428575,.084745765,0,.25581396,.034482758,.048387095,.01923077,0,.093333334,.06818182,-.014084507,.035294119,-.030303031,.10344828,.086956523,.10638298,.018181818,-.012195121,-.018181818,.016666668,-.024390243,.05172414,.044444446,.10309278,.11111111,.033898305,.046511628,0,-.061538462,.023255814,.074074075,.070422538,-.064516127,.070175439,.1,.036363635,.096385539,.06818182,.027594816,.1340616,.69158882,.0085913027,.17439409,2.58024,01oct2017
.037037037,-.030303031,0,.06849315,.05882353,.0625,-.043478262,.057971016,.077777781,.048192769,.01754386,.068965517,-.023529412,.17073171,.034482758,-.017241379,.07272727,0,-.019607844,0,.049180329,.056818184,0,.094339624,.083333336,.14893617,.018867925,.036144577,0,-.018181818,-.048780486,.06849315,.011627907,.072164945,.10447761,.018518519,.022727273,-.125,-.031746034,.069767445,.074074075,.014492754,0,.033898305,.068965517,.075471699,.10126583,.024390243,.026327612,.047715705,.63414633,.0051873773,.14934386,2.84079,01nov2017
-.059999999,0,-.017241379,.056338027,.044943821,.033898305,-.047619049,.029850746,-.030927835,.10416666,.016129032,.06666667,-.031578947,.054054055,-.035714287,-.017857144,.018181818,-.12,-.039999999,0,.031746034,.02,-.078947365,-.02,.043478262,.0625,-.018181818,-.011111111,-.074074075,.016949153,-.1,-.014705882,-.024096385,.096774191,.05882353,0,.039999999,0,-.027027028,0,.011494253,.028571429,-.034482758,-.018867925,.033898305,.040816326,.040540539,.043478262,.026383031,-.023983262,.61363637,.0010916599,.16261907,2.66836,01dec2017
-.096153848,-.083333336,-.016129032,.028571429,.034482758,.033333335,-.16,.040540539,-.014705882,.097560972,-.090909094,.036363635,.02247191,.18032786,0,-.032258064,-.086956523,-.086956523,.094339624,-.046511628,-.060606062,-.024390243,-.028571429,0,-.03125,.10714286,.035714287,0,-.098039217,-.035714287,-.093023255,.047619049,-.064935066,.044117648,.030303031,-.033333335,.044943821,-.15625,-.07692308,0,-.029850746,.065789476,-.06666667,-.052631579,.049180329,.02,.05882353,.023255814,.025184462,-.02925813,.63829786,-.000068147478,.19298039,2.5093501,01jan2018
-.018867925,-.054054055,-.083333336,.056338027,.022222223,-.03508772,-.125,.026666667,-.029411765,.051948052,-.11627907,.03508772,.047058824,-1,-.037037037,-.016393442,-.088888891,0,.068965517,0,-.048387095,-.011764706,-.09375,.01754386,.015384615,.01923077,0,0,-.05882353,0,-.022727273,.050847456,-.048780486,.085714288,0,.046153847,.044943821,-.125,-.063492067,.010869565,0,.014705882,-.096774191,.018181818,.064516127,.018181818,.035714287,.021978023,.022653954,.034102246,.66878986,.0016063727,.12903911,2.3961101,01feb2018
-.09259259,-.1025641,0,-.013888889,.021978023,-.01754386,-.041666668,.02739726,.013888889,.088607594,-.175,0,-.011764706,.23999999,-.11538462,-.034482758,-.11111111,-.052631579,-.016129032,-.045454547,.070588239,-.036144577,-.12121212,-.054545455,-.015151516,-.039999999,-.018518519,0,-.079999998,-.10169491,-.046511628,0,-.08139535,.088607594,.016949153,-.047619049,.045454547,-.12903225,-.14754099,-.010989011,.025641026,.014925373,-.09375,-.079999998,-.033898305,-.11764706,-.025316456,.010989011,.021564351,.044378679,.56470585,.0028677939,.10532517,2.2215099,01mar2018
-.036363635,-.025,0,.02631579,.010989011,0,0,.027027028,-.028571429,.012195121,-.075000003,.048387095,-.12359551,.028571429,-.037037037,.016666668,-.11627907,-.11111111,-.14285715,0,-.078125,.011494253,-.064516127,-.018518519,.02739726,0,.018181818,-.028985508,-.10204082,0,-.023255814,-.053571429,-.086956523,-.074626863,.017241379,-.015384615,-.084337346,-.064516127,-.048387095,-.010989011,0,-.013157895,-.030303031,.039999999,.050000001,-.056603774,.048192769,.010869565,.022828043,.018218653,.54545456,.0027716011,.099639356,2.4567101,01apr2018
-.09259259,-.07692308,.030769231,.051282052,-.022222223,-.018518519,-.083333336,0,-.015151516,.024390243,0,.016666668,-.011363637,0,-.03846154,-.03508772,-.13953489,-.10526316,-.016129032,-.023255814,.043478262,.011904762,-.032258064,-.035714287,.013157895,-.024390243,.068965517,-.014285714,-.12765957,.016129032,-.097560972,-.05172414,.02020202,0,-.01754386,-.047619049,-.011764706,-.096774191,-.080645159,-.033707865,0,.050000001,0,-.040816326,.017241379,-.018181818,-.012658228,0,.019859718,.0091836937,.52150536,.0026456409,.10848086,2.6118801,01may2018
-.089285716,-.11904762,-.048387095,-.012820513,-.032967035,-.018867925,-.16666667,.028571429,-.047619049,-.047058824,-.046511628,-.016666668,-.046511628,0,-.079999998,-.053571429,-.19047619,-.050000001,-.081967212,-.069767445,-.059701491,-.024096385,0,-.089285716,.038961038,0,-.017241379,.014705882,-.17777778,-.084745765,-.095238097,-.016949153,-.057471264,-.031746034,-.07272727,-.061538462,0,-.1724138,-.016129032,-.044943821,.038961038,.013333334,-.15151516,-.0625,-.01754386,-.019607844,-.0125,-.010416667,.022424396,.03258653,.48421052,.003110053,.10850627,2.7497499,01jun2018
-.125,-.06818182,.015625,-.0125,-.12359551,-.036363635,-.041666668,-.014492754,-.046875,.041237112,-.12195122,-.016129032,.022222223,-.088235296,-.086956523,-.017857144,-.11363637,-.1,-.050000001,-.045454547,-.013513514,-.073170729,-.064516127,-.090909094,.013157895,0,-.01754386,-.046153847,-.13333334,-.015873017,-.097560972,.016129032,-.048192769,.014285714,-.035714287,-.059701491,-.010752688,-.1,-.047619049,-.079545453,0,-.012820513,-.05882353,-.020408163,-.018181818,-.040816326,.036585364,-.01010101,.021103334,.045965269,.45408159,.0031693687,.12285312,2.9620199,01jul2018
-.053571429,-.1,-.016129032,-.02739726,-.021505376,-.035714287,-.13043478,-.014285714,-.057971016,-.045977011,-.15384616,-.016666668,.033707865,0,-.12,-.033898305,-.11363637,-.13043478,-.050847456,-.045454547,-.014285714,-.037500001,-.064516127,-.052631579,.014492754,0,0,-.05882353,-.17021276,-.048387095,-.073170729,0,-.11688311,.013157895,-.053571429,-.063492067,-.011764706,-.12903225,-.14285715,-.05882353,.025974026,-.014084507,-.125,-.01923077,-.071428575,0,-.036585364,0,.02207616,-.0062370687,.50246304,.002272761,.14815341,3.1485901,01aug2018
-.28,-.052631579,-.28333333,-.10144927,-.072289154,-.037037037,-.045454547,0,-.044776119,-.036144577,-.10526316,-.034482758,-.036144577,-.02631579,-.07692308,-.068965517,-.28260869,-.1,-.03508772,-.125,-.47058824,-.077922076,-.1,-.17647059,-.045454547,-.024390243,-.5,-.05882353,-.18367347,-.086206898,-.16216215,-.052631579,-.1025641,.024390243,-.03508772,-.089285716,-.048780486,-.03125,-.033333335,-.075000003,-.054054055,-.056338027,-.13793103,-.0625,-.054545455,-.039215688,-.052631579,-.034883723,.02152344,.049950071,.51643193,.0018625868,.13542299,2.67255,01sep2018
-.14,-.48571429,-.016129032,-.057971016,-.048780486,-.094339624,0,-.028571429,-.10606061,.025,-.10526316,-.017241379,0,-.30303031,-.16,-.016393442,-.20930232,-.17647059,-.13636364,-.12820514,.013888889,-.089743592,-.1,-.16,-.061538462,-.06818182,-.018518519,-.093333334,-.17021276,-.071428575,-.078947365,-.01754386,-.18421052,-.065934069,-.10526316,-.07272727,-.011764706,-.20689656,-.065573767,-.1025641,-.14084508,-.075757578,-.10714286,0,-.071428575,-.03773585,-.050632913,-.047619049,.022232099,-.021298194,.5244444,.00042223147,.050329309,2.9891901,01oct2018
-.10204082,-.03125,.033898305,-.013888889,-.0625,-.049180329,.46511629,-.014705882,-.011235955,.056818184,-.14,-.01754386,.065934069,-.28125,-.074074075,0,-.22222222,-.052631579,-.0625,-.025,.075757578,-.023255814,-.090909094,-.081632651,-.028571429,-.093023255,0,-.012195121,-.14893617,0,-.10810811,.026666667,-.075000003,.029999999,-.063492067,-.05882353,.043478262,-.10344828,-.032786883,-.075000003,-.025316456,.028169014,-.2,-.053571429,-.054545455,-.081632651,-.053333335,.046511628,.022735257,-.010256411,.47210297,.00029703841,.063521378,2.8464301,01nov2018
